Date,Children apprehended and placed in CBP custody*,Children in CBP custody,Children transferred out of CBP custody,Children in HHS Care,Children discharged from HHS Care,Year,Month,DayOfWeek,CBP_to_HHS_Transfer_Rate,HHS_Discharge_Rate,Backlog_Accumulation_Rate,CBP_to_HHS_Transfer_Rate_7Day_MA,HHS_Discharge_Rate_7Day_MA,IsWeekend,Daily_Net_Accumulation,Combined_Backlog
2025-12-21,6.0,18.0,11.0,2484,14.0,2025,12,6,0.6111111111111112,0.005636070853462158,0.0,0.6111111111111112,0.005636070853462158,True,-8.0,2488.0
2025-12-18,11.0,50.0,6.0,2472,16.0,2025,12,3,0.12,0.006472491909385114,-0.48309178743961567,0.3655555555555556,0.006054281381423636,False,-5.0,2506.0
2025-12-17,7.0,31.0,11.0,2481,10.0,2025,12,2,0.3548387096774194,0.004030632809351068,0.364077669902918,0.3619832735961768,0.005379731857399446,False,-3.0,2502.0
2025-12-16,8.0,54.0,15.0,2468,9.0,2025,12,1,0.2777777777777778,0.003646677471636953,-0.523982265215639,0.3409318996415771,0.004946468260958823,False,-1.0,2513.0
2025-12-15,11.0,42.0,9.0,2470,7.0,2025,12,0,0.21428571428571427,0.002834008097165992,0.08103727714747766,0.31560266257040454,0.004523976228200257,False,4.0,2505.0
2025-12-14,8.0,35.0,4.0,2462,8.0,2025,12,6,0.11428571428571428,0.003249390739236393,-0.32388663967611864,0.2820498378562895,0.0043115453133729465,True,0.0,2489.0
2025-12-11,7.0,47.0,9.0,2437,10.0,2025,12,3,0.19148936170212766,0.004103405826836274,-1.0154346060113784,0.2691126269771235,0.0042818111010105644,False,-3.0,2474.0
2025-12-10,10.0,54.0,5.0,2439,9.0,2025,12,2,0.09259259259259259,0.0036900369003690036,0.08206811653672652,0.19503855290304942,0.004003806250568685,False,1.0,2484.0
2025-12-09,4.0,30.0,7.0,2443,8.0,2025,12,1,0.23333333333333334,0.003274662300450266,0.16400164001639794,0.21122902909352564,0.0035469734492922784,False,-4.0,2465.0
2025-12-08,9.0,27.0,9.0,2440,4.0,2025,12,0,0.3333333333333333,0.001639344262295082,-0.12279983626688473,0.2081568324729419,0.003205360799712852,False,5.0,2463.0
2025-12-07,4.0,24.0,13.0,2429,12.0,2025,12,6,0.5416666666666666,0.004940304652120214,-0.45081967213115304,0.24585524517135454,0.0033901646826390323,True,-8.0,2441.0
2025-12-04,16.0,39.0,7.0,2418,13.0,2025,12,3,0.1794871794871795,0.005376344086021506,-0.45286125977768155,0.240884025914421,0.00375335553818982,False,3.0,2444.0
2025-12-03,4.0,32.0,8.0,2419,7.0,2025,12,2,0.25,0.0028937577511368336,0.041356492969391034,0.2602717810164618,0.003702550825604168,False,-3.0,2444.0
2025-12-02,7.0,34.0,6.0,2407,8.0,2025,12,1,0.17647058823529413,0.0033236393851267137,-0.4960727573377399,0.25812624194977135,0.00359115561964566,False,-1.0,2433.0
2025-12-01,4.0,26.0,4.0,2410,9.0,2025,12,0,0.15384615384615385,0.0037344398340248964,0.12463647694225255,0.2668767507002801,0.0035974988958822163,False,-5.0,2427.0
2025-11-30,4.0,18.0,10.0,2415,0.0,2025,11,6,0.5555555555555556,0.0,0.20746887966804906,0.3129084967320261,0.0031296899958178923,True,4.0,2433.0
2025-11-27,4.0,24.0,8.0,2389,7.0,2025,11,3,0.3333333333333333,0.0029300962745918793,-1.0766045548654235,0.3129084967320262,0.0033140831404317207,False,-3.0,2406.0
2025-11-25,6.0,47.0,14.0,2375,11.0,2025,11,1,0.2978723404255319,0.0046315789473684215,-0.5860192549183796,0.27808073584043547,0.0032699794683243217,False,-5.0,2411.0
2025-11-24,9.0,40.0,9.0,2371,13.0,2025,11,0,0.225,0.005482918599746942,-0.16842105263158436,0.284582567342267,0.003285204398856527,False,-4.0,2398.0
2025-11-23,3.0,46.0,22.0,2375,1.0,2025,11,6,0.4782608695652174,0.0004210526315789474,0.1687051876845258,0.31719126299444084,0.002931960810348257,True,2.0,2420.0
2025-11-20,18.0,57.0,8.0,2340,9.0,2025,11,3,0.14035087719298245,0.0038461538461538464,-1.473684210526316,0.31203130427411063,0.0030066057333521337,False,9.0,2388.0
2025-11-19,7.0,32.0,3.0,2340,10.0,2025,11,2,0.09375,0.004273504273504274,0.0,0.3034461394389458,0.0030836149389920444,False,-3.0,2362.0
2025-11-18,2.0,38.0,8.0,2345,12.0,2025,11,1,0.21052631578947367,0.00511727078891258,0.21367521367521292,0.2541562480437913,0.003814653623122413,False,-10.0,2371.0
2025-11-17,1.0,35.0,6.0,2343,8.0,2025,11,0,0.17142857142857143,0.0034144259496372174,-0.08528784648187404,0.231026996343111,0.0038838435767003182,False,-7.0,2370.0
2025-11-16,5.0,22.0,3.0,2340,5.0,2025,11,6,0.13636363636363635,0.002136752136752137,-0.1280409731113985,0.20795432433426878,0.003527439746612278,True,0.0,2357.0
2025-11-13,6.0,26.0,16.0,2317,5.0,2025,11,3,0.6153846153846154,0.0021579628830384117,-0.9829059829059794,0.26372355510349954,0.0030524460727967733,False,1.0,2338.0
2025-11-12,14.0,48.0,20.0,2302,7.0,2025,11,2,0.4166666666666667,0.0030408340573414424,-0.6473888649115245,0.25492438326084943,0.003426700562191416,False,7.0,2343.0
2025-11-11,11.0,39.0,12.0,2294,14.0,2025,11,1,0.3076923076923077,0.006102877070619006,-0.3475238922675983,0.2788303019036102,0.003749089594257867,False,-3.0,2319.0
2025-11-09,11.0,33.0,5.0,2294,4.0,2025,11,6,0.15151515151515152,0.0017436791630340018,0.0,0.28708246640577467,0.0033876860070478285,True,7.0,2323.0
2025-11-06,6.0,33.0,9.0,2264,19.0,2025,11,3,0.2727272727272727,0.008392226148409895,-1.3077593722754965,0.2959683173968889,0.0038555367726903016,False,-13.0,2278.0
2025-11-05,8.0,41.0,8.0,2272,7.0,2025,11,2,0.1951219512195122,0.0030809859154929575,0.35335689045936647,0.29935308593845184,0.0038079024820982647,False,1.0,2306.0
2025-11-04,6.0,33.0,6.0,2270,8.0,2025,11,1,0.18181818181818182,0.003524229074889868,-0.08802816901408717,0.30584659243195833,0.004006113473260798,False,-2.0,2295.0
2025-11-03,3.0,28.0,5.0,2269,12.0,2025,11,0,0.17857142857142858,0.005288673424416042,-0.04405286343612813,0.24344470860150302,0.004453357836314745,False,-9.0,2285.0
2025-11-02,5.0,21.0,10.0,2277,7.0,2025,11,6,0.47619047619047616,0.0030742204655248135,0.3525782282943979,0.25194810996204725,0.004458127323198083,True,-2.0,2291.0
2025-10-30,3.0,17.0,14.0,2287,12.0,2025,10,3,0.8235294117647058,0.005247048535198951,0.4391743522178304,0.32563912482953267,0.004335866103852361,False,-9.0,2292.0
2025-10-29,6.0,25.0,4.0,2280,17.0,2025,10,2,0.16,0.007456140350877193,-0.3060778312199419,0.3268512460416539,0.00515193198782996,False,-11.0,2288.0
2025-10-28,6.0,22.0,11.0,2286,6.0,2025,10,1,0.5,0.0026246719160104987,0.2631578947368318,0.35931877850918637,0.00432799566891576,False,0.0,2302.0
2025-10-27,2.0,31.0,8.0,2282,11.0,2025,10,0,0.25806451612903225,0.004820333041191937,-0.17497812773403787,0.36831057349626073,0.0045764738297299,False,-9.0,2302.0
2025-10-26,4.0,35.0,12.0,2276,10.0,2025,10,6,0.34285714285714286,0.004393673110720563,-0.2629272567922891,0.39131613935896936,0.004700680120562856,True,-6.0,2301.0
2025-10-23,4.0,27.0,26.0,2266,18.0,2025,10,3,0.9629629629629629,0.00794351279788173,-0.4393673110720586,0.5033720728434743,0.005079942888200813,False,-14.0,2275.0
2025-10-22,12.0,42.0,13.0,2261,12.0,2025,10,2,0.30952380952380953,0.005307386112339673,-0.22065313327449543,0.47956254903395046,0.005398966552031506,False,0.0,2291.0
2025-10-21,13.0,39.0,17.0,2251,9.0,2025,10,1,0.4358974358974359,0.003998223011994669,-0.442282176028308,0.4241865524814834,0.005220562905859466,False,4.0,2281.0
2025-10-20,10.0,39.0,6.0,2243,7.0,2025,10,0,0.15384615384615385,0.003120820329915292,-0.35539760106618745,0.4233074316023625,0.004601231474293481,False,3.0,2275.0
2025-10-19,9.0,34.0,17.0,2237,7.0,2025,10,6,0.5,0.0031291908806437194,-0.2674988854213134,0.4233074316023625,0.004673305612098226,True,2.0,2264.0
2025-10-16,9.0,33.0,15.0,2233,9.0,2025,10,3,0.45454545454545453,0.004030452306314375,-0.17881090746535433,0.4513761370904228,0.004560465507115717,False,0.0,2257.0
2025-10-15,8.0,29.0,10.0,2225,15.0,2025,10,2,0.3448275862068966,0.006741573033707865,-0.35826242722794,0.4516576289975304,0.0048958797818281895,False,-7.0,2239.0
2025-10-14,7.0,30.0,16.0,2235,8.0,2025,10,1,0.5333333333333333,0.0035794183445190158,0.44943820224718767,0.3902819676218691,0.004272437717062087,False,-1.0,2257.0
2025-10-13,8.0,24.0,7.0,2223,6.0,2025,10,0,0.2916666666666667,0.002699055330634278,-0.5369127516778538,0.3877309472137059,0.003899819033961316,False,2.0,2241.0
2025-10-09,11.0,55.0,13.0,2192,12.0,2025,10,3,0.23636363636363636,0.005474452554744526,-1.3945119208277124,0.35922611870887733,0.004110708968639867,False,-1.0,2235.0
2025-10-08,8.0,49.0,15.0,2192,17.0,2025,10,2,0.30612244897959184,0.007755474452554745,0.0,0.3809798751565113,0.004772802414731219,False,-9.0,2224.0
2025-10-07,11.0,45.0,4.0,2189,10.0,2025,10,1,0.08888888888888889,0.0045682960255824575,-0.13686131386860811,0.3222497164263526,0.00497838886400818,False,1.0,2224.0
2025-10-06,5.0,33.0,15.0,2187,10.0,2025,10,0,0.45454545454545453,0.004572473708276178,-0.0913659205116546,0.3222497164263526,0.0050558204928598666,False,-5.0,2210.0
2025-10-05,8.0,28.0,13.0,2180,16.0,2025,10,6,0.4642857142857143,0.007339449541284404,-0.32007315957933713,0.33931516329475514,0.005141231422513658,True,-8.0,2192.0
2025-10-02,20.0,51.0,15.0,2164,16.0,2025,10,3,0.29411764705882354,0.0073937153419593345,-0.7339449541284404,0.30514149382696804,0.00568613099357656,False,4.0,2199.0
2025-10-01,4.0,33.0,12.0,2163,14.0,2025,10,2,0.36363636363636365,0.006472491909385114,-0.046210720887240875,0.31542287910835326,0.006225193361969537,False,-10.0,2182.0
2025-09-30,8.0,32.0,12.0,2159,7.0,2025,9,1,0.375,0.003242241778601204,-0.1849283402681423,0.3352280739135481,0.005906306108234776,False,1.0,2184.0
2025-09-29,8.0,35.0,12.0,2148,13.0,2025,9,0,0.34285714285714286,0.006052141527001862,-0.5094951366373279,0.3404758873246268,0.005662972833155792,False,-5.0,2170.0
2025-09-28,11.0,29.0,12.0,2146,9.0,2025,9,6,0.41379310344827586,0.004193849021435228,-0.09310986964617962,0.38689077511882497,0.005609480403991903,True,2.0,2166.0
2025-09-25,6.0,35.0,12.0,2132,18.0,2025,9,3,0.34285714285714286,0.008442776735459663,-0.6523765144454852,0.37093530202049474,0.0061623808364466865,False,-12.0,2149.0
2025-09-24,3.0,38.0,12.0,2138,17.0,2025,9,2,0.3157894736842105,0.007951356407857811,0.2814258911819856,0.3497215533631371,0.00624979610310003,False,-14.0,2159.0
2025-09-23,11.0,36.0,10.0,2145,15.0,2025,9,1,0.2777777777777778,0.006993006993006993,0.3274087932647385,0.3473872863229876,0.006192552053249696,False,-4.0,2166.0
2025-09-22,17.0,40.0,14.0,2141,10.0,2025,9,0,0.35,0.004670714619336758,-0.18648018648018683,0.34543923437493573,0.005935155297528502,False,7.0,2171.0
2025-09-21,8.0,35.0,13.0,2134,5.0,2025,9,6,0.37142857142857144,0.0023430178069353325,-0.32695002335357826,0.3449290302933031,0.005806694730147665,True,3.0,2164.0
2025-09-18,20.0,52.0,11.0,2096,14.0,2025,9,3,0.21153846153846154,0.006679389312977099,-1.7806935332708496,0.32616921867634857,0.005896301556715555,False,6.0,2134.0
2025-09-17,7.0,38.0,5.0,2096,13.0,2025,9,2,0.13157894736842105,0.006202290076335878,0.0,0.28585291066494073,0.006183221707415649,False,-6.0,2121.0
2025-09-16,7.0,28.0,17.0,2095,12.0,2025,9,1,0.6071428571428571,0.005727923627684964,-0.04770992366411875,0.32360801270575706,0.0057953855491621195,False,-5.0,2111.0
2025-09-15,9.0,47.0,10.0,2086,10.0,2025,9,0,0.2127659574468085,0.004793863854266539,-0.42959427207637235,0.30889036752898535,0.005344315184363366,False,-1.0,2123.0
2025-09-14,7.0,39.0,13.0,2083,5.0,2025,9,6,0.3333333333333333,0.002400384061449832,-0.14381591562799834,0.31682687546549326,0.0046882261941409145,True,2.0,2117.0
2025-09-11,12.0,38.0,29.0,2047,6.0,2025,9,3,0.7631578947368421,0.0029311187103077674,-1.728276524243877,0.37584943185647074,0.004439712492851059,False,6.0,2079.0
2025-09-10,10.0,47.0,14.0,2025,18.0,2025,9,2,0.2978723404255319,0.008888888888888889,-1.0747435271128536,0.3653413988560365,0.005374836933130138,False,-8.0,2054.0
2025-09-09,18.0,42.0,11.0,2023,14.0,2025,9,1,0.2619047619047619,0.006920415224913495,-0.09876543209876854,0.3725365846226508,0.005409269206263909,False,4.0,2051.0
2025-09-08,7.0,25.0,5.0,2025,6.0,2025,9,0,0.2,0.002962962962962963,0.0988630746416197,0.3823110207128764,0.004946508190067778,False,1.0,2044.0
2025-09-07,4.0,19.0,9.0,2026,7.0,2025,9,6,0.47368421052631576,0.0034550839091806516,0.049382716049373165,0.36324549976765624,0.0046218168017100195,True,-3.0,2038.0
2025-09-04,11.0,40.0,2.0,2015,14.0,2025,9,3,0.05,0.006947890818858561,-0.5429417571569561,0.33999322013239786,0.00492953493950888,False,-3.0,2041.0
2025-09-03,4.0,29.0,11.0,2019,10.0,2025,9,2,0.3793103448275862,0.004952947003467063,0.1985111662531125,0.34656136463157683,0.0052941867883684835,False,-6.0,2038.0
2025-09-02,6.0,35.0,9.0,2020,9.0,2025,9,1,0.2571428571428571,0.004455445544554455,0.04952947003467045,0.27427350211815044,0.00551194776468944,False,-3.0,2046.0
2025-09-01,10.0,29.0,17.0,2010,5.0,2025,9,0,0.5862068965517241,0.0024875621890547263,-0.4950495049504955,0.31546415299332076,0.004597472521855988,False,5.0,2034.0
2025-08-28,8.0,33.0,6.0,1984,17.0,2025,8,3,0.18181818181818182,0.008568548387096774,-1.2935323383084563,0.3040232129809521,0.0048329201164535995,False,-9.0,2000.0
2025-08-27,5.0,19.0,9.0,1988,19.0,2025,8,2,0.47368421052631576,0.009557344064386318,0.20161290322580072,0.34312095734185444,0.005774974559514078,False,-14.0,1988.0
2025-08-26,10.0,21.0,20.0,1989,15.0,2025,8,1,0.9523809523809523,0.007541478129713424,0.05030181086518315,0.4115062061782311,0.0063587451624473315,False,-5.0,1995.0
2025-08-25,8.0,30.0,8.0,1980,11.0,2025,8,0,0.26666666666666666,0.005555555555555556,-0.4524886877828038,0.442458587130612,0.006159840124832617,False,-3.0,1999.0
2025-08-24,4.0,21.0,5.0,1981,5.0,2025,8,6,0.23809523809523808,0.002523977788995457,0.05050505050505638,0.4222850004545623,0.0058128445227652445,True,-1.0,1997.0
2025-08-21,6.0,49.0,8.0,1972,21.0,2025,8,3,0.16326530612244897,0.010649087221095335,-0.4543160020191839,0.4088739217373611,0.0066976504765567995,False,-15.0,2000.0
2025-08-20,10.0,38.0,10.0,1983,10.0,2025,8,2,0.2631578947368421,0.005042864346949067,0.5578093306288112,0.3627240643352351,0.007062693641970276,False,0.0,2011.0
2025-08-19,5.0,35.0,3.0,1980,11.0,2025,8,1,0.08571428571428572,0.005555555555555556,-0.1512859304084735,0.34899493632039286,0.006632266094607244,False,-6.0,2004.0
2025-08-18,4.0,20.0,6.0,1985,14.0,2025,8,0,0.3,0.007052896725440806,0.2525252525252597,0.3241829062452048,0.006274487903329315,False,-10.0,1991.0
2025-08-17,4.0,14.0,2.0,1991,3.0,2025,8,6,0.14285714285714285,0.0015067805123053742,0.3022670025188967,0.2085366477418035,0.005412388243699592,True,1.0,2002.0
2025-08-14,3.0,27.0,4.0,1994,11.0,2025,8,3,0.14814814814814814,0.005516549648946841,0.15067805123054612,0.19160543081058656,0.005406815971326919,False,-8.0,2010.0
2025-08-13,6.0,22.0,12.0,1997,17.0,2025,8,2,0.5454545454545454,0.008512769153730596,0.15045135406217547,0.2355139032904876,0.00626235759486051,False,-11.0,2002.0
2025-08-12,8.0,38.0,9.0,1999,9.0,2025,8,1,0.23684210526315788,0.004502251125562781,0.10015022533800266,0.24602487459630318,0.005384238152641573,False,-1.0,2028.0
2025-08-11,6.0,23.0,4.0,1999,16.0,2025,8,0,0.17391304347826086,0.0080040020010005,0.0,0.23327561013079157,0.005807257817506065,False,-10.0,2006.0
2025-08-10,0.0,18.0,8.0,2006,12.0,2025,8,6,0.4444444444444444,0.005982053838484547,0.35017508754378035,0.28452277566367135,0.005868186143638778,True,-12.0,2012.0
2025-08-07,4.0,18.0,6.0,2031,17.0,2025,8,3,0.3333333333333333,0.008370260955194485,1.2462612163509412,0.28928468042557615,0.00605638103360359,False,-13.0,2032.0
2025-08-06,4.0,17.0,3.0,2036,13.0,2025,8,2,0.17647058823529413,0.0063850687622789785,0.2461841457410241,0.29408660119388347,0.00675327935502839,False,-9.0,2040.0
2025-08-05,2.0,21.0,10.0,2042,14.0,2025,8,1,0.47619047619047616,0.0068560235063663075,0.29469548133596035,0.340949790914216,0.006944632763231171,False,-12.0,2049.0
2025-08-04,5.0,22.0,11.0,2040,14.0,2025,8,0,0.5,0.006862745098039216,-0.09794319294809117,0.3344562844207095,0.006708915040989545,False,-9.0,2048.0
2025-08-03,5.0,26.0,3.0,2049,5.0,2025,8,6,0.11538461538461539,0.002440214738897023,0.4411764705882337,0.31710521443806056,0.006414338414323008,True,0.0,2070.0
2025-07-31,2.0,9.0,6.0,2058,15.0,2025,7,3,0.6666666666666666,0.007288629737609329,0.43923865300146137,0.38749858917926144,0.006312142376695698,False,-13.0,2052.0
2025-07-30,4.0,15.0,4.0,2063,16.0,2025,7,2,0.26666666666666666,0.007755695588948134,0.24295432458698585,0.362101763782436,0.006565519769619068,False,-12.0,2062.0
2025-07-29,2.0,8.0,3.0,2072,12.0,2025,7,1,0.375,0.005791505791505791,0.43625787687833206,0.368054144734817,0.006197126174806397,False,-10.0,2068.0
2025-07-28,2.0,9.0,3.0,2080,14.0,2025,7,0,0.3333333333333333,0.006730769230769231,0.38610038610038533,0.3904631083202511,0.0062465119560192895,False,-12.0,2075.0
2025-07-27,1.0,12.0,2.0,2088,4.0,2025,7,6,0.16666666666666666,0.0019157088122605363,0.38461538461538325,0.3462454212454213,0.00554075271400418,True,-3.0,2096.0
2025-07-24,6.0,18.0,7.0,2096,29.0,2025,7,3,0.3888888888888889,0.01383587786259542,0.3831417624521105,0.3303724053724054,0.0065369145375122105,False,-23.0,2085.0
2025-07-23,6.0,21.0,5.0,2111,14.0,2025,7,2,0.23809523809523808,0.006631927996210327,0.7156488549618256,0.3479024943310658,0.0071357307171283964,False,-8.0,2118.0
2025-07-22,5.0,13.0,3.0,2117,16.0,2025,7,1,0.23076923076923078,0.007557864903164856,0.28422548555187,0.28563143206000347,0.007174192883636328,False,-11.0,2114.0
2025-07-21,4.0,18.0,7.0,2121,16.0,2025,7,0,0.3888888888888889,0.007543611504007544,0.18894662257911143,0.303091749520321,0.007143895157216244,False,-12.0,2123.0
2025-07-17,3.0,16.0,2.0,2153,17.0,2025,7,3,0.125,0.007895959126799815,1.5087223008015016,0.2673774638060352,0.007444531347972532,False,-14.0,2152.0
2025-07-16,1.0,9.0,0.0,2164,11.0,2025,7,2,0.0,0.005083179297597043,0.510915002322343,0.2197584161869876,0.007209161357519363,False,-10.0,2162.0
2025-07-15,0.0,8.0,5.0,2171,17.0,2025,7,1,0.625,0.00783049286043298,0.32347504621073053,0.28523460666317807,0.008054130507258284,False,-17.0,2162.0
2025-07-14,2.0,9.0,1.0,2181,26.0,2025,7,0,0.1111111111111111,0.01192113709307657,0.4606172270843034,0.24555206698063842,0.007780596111612734,False,-24.0,2164.0
2025-07-13,1.0,13.0,4.0,2204,10.0,2025,7,6,0.3076923076923077,0.004537205081669692,1.0545621274644645,0.25549450549450553,0.007481349980964071,True,-9.0,2207.0
2025-07-10,2.0,12.0,3.0,2252,39.0,2025,7,3,0.25,0.017317939609236235,2.177858439201441,0.25824175824175827,0.008875646367545698,False,-37.0,2225.0
2025-07-09,2.0,18.0,0.0,2281,32.0,2025,7,2,0.0,0.014028934677772907,1.2877442273534712,0.2026862026862027,0.009802121106655034,False,-30.0,2267.0
2025-07-08,5.0,16.0,8.0,2306,20.0,2025,7,1,0.5,0.008673026886383347,1.0960105217010074,0.2562576312576313,0.00991313078659554,False,-15.0,2302.0
2025-07-07,3.0,18.0,8.0,2317,20.0,2025,7,0,0.4444444444444444,0.008631851532153647,0.4770164787510911,0.3197496947496948,0.010420083962960769,False,-17.0,2315.0
2025-07-06,4.0,17.0,2.0,2332,8.0,2025,7,6,0.11764705882352941,0.003430531732418525,0.6473888649115134,0.2472707031530561,0.009791518087530132,True,-4.0,2341.0
2025-07-02,8.0,20.0,9.0,2373,38.0,2025,7,2,0.45,0.016013485040033713,1.758147512864494,0.29568340156575446,0.010376139222809723,False,-30.0,2355.0
2025-07-01,7.0,14.0,6.0,2391,22.0,2025,7,1,0.42857142857142855,0.009201171058134672,0.7585335018963413,0.31295184740562887,0.011042420076590436,False,-15.0,2383.0
2025-06-30,9.0,22.0,8.0,2407,16.0,2025,6,0,0.36363636363636365,0.006647278770253427,0.6691760769552468,0.32918561363939514,0.009518039956735749,False,-7.0,2413.0
2025-06-29,5.0,17.0,7.0,2413,20.0,2025,6,6,0.4117647058823529,0.008288437629506838,0.2492729538845051,0.3880091430511598,0.008697968949840595,True,-15.0,2410.0
2025-06-26,3.0,9.0,7.0,2447,35.0,2025,6,3,0.7777777777777778,0.014303228442991417,1.4090343970161623,0.42769168273369956,0.009502283457927462,False,-32.0,2421.0
2025-06-25,6.0,12.0,2.0,2470,24.0,2025,6,2,0.16666666666666666,0.009716599190283401,0.9399264405394403,0.3880091430511599,0.009657247409088856,False,-18.0,2458.0
2025-06-24,5.0,20.0,5.0,2489,16.0,2025,6,1,0.25,0.0064282844515869825,0.7692307692307665,0.40691670607637,0.010085497797541492,False,-11.0,2493.0
2025-06-23,3.0,15.0,5.0,2495,17.0,2025,6,0,0.3333333333333333,0.006813627254509018,0.24106066693452277,0.3902500394097033,0.008771232399609395,False,-14.0,2493.0
2025-06-22,7.0,13.0,5.0,2508,7.0,2025,6,6,0.38461538461538464,0.0027910685805422647,0.5210420841683439,0.3839706045588399,0.007855503474239049,True,0.0,2514.0
2025-06-19,8.0,19.0,7.0,2501,18.0,2025,6,3,0.3684210526315789,0.007197121151539384,-0.2791068580542233,0.3846541315581563,0.00793405238585133,False,-10.0,2502.0
2025-06-17,7.0,24.0,10.0,2523,14.0,2025,6,1,0.4166666666666667,0.005548949663099485,0.8796481407437051,0.3853544116702011,0.00754269696207885,False,-7.0,2533.0
2025-06-10,17.0,28.0,7.0,2511,12.0,2025,6,1,0.25,0.0047789725209080045,-0.47562425683710385,0.3099575862733758,0.006182088973209792,False,5.0,2527.0
2025-06-09,8.0,21.0,14.0,2516,9.0,2025,6,0,0.6666666666666666,0.003577106518282989,0.19912385503784158,0.38138615770194717,0.005305018591495447,False,-1.0,2528.0
2025-06-08,10.0,16.0,15.0,2507,13.0,2025,6,6,0.9375,0.005185480654168329,-0.3577106518283024,0.4796004434162329,0.0051274751918642105,True,-3.0,2510.0
2025-06-05,8.0,26.0,5.0,2503,21.0,2025,6,3,0.19230769230769232,0.008389932081502197,-0.15955325089748174,0.45945392326971274,0.005352661595720379,False,-13.0,2508.0
2025-06-04,4.0,16.0,9.0,2516,16.0,2025,6,2,0.5625,0.006359300476947536,0.5193767479025224,0.4848660111818006,0.00586240900949256,False,-12.0,2516.0
2025-06-03,5.0,23.0,11.0,2519,15.0,2025,6,1,0.4782608695652174,0.0059547439460103215,0.11923688394277487,0.5005574136008919,0.0056849265515598385,False,-10.0,2527.0
2025-06-02,10.0,19.0,5.0,2518,16.0,2025,6,0,0.2631578947368421,0.006354249404289118,-0.03969829297340022,0.4786275890394883,0.005799969371729785,False,-6.0,2521.0
2025-06-01,8.0,24.0,16.0,2528,12.0,2025,6,6,0.6666666666666666,0.004746835443037975,0.3971405877680745,0.5381513985632979,0.005795378360605495,True,-4.0,2540.0
2025-05-29,13.0,38.0,15.0,2506,11.0,2025,5,3,0.39473684210526316,0.004389465283320032,-0.8702531645569667,0.49930428076881167,0.005911429612753644,False,2.0,2533.0
2025-05-28,12.0,39.0,12.0,2499,14.0,2025,5,2,0.3076923076923077,0.0056022408963585435,-0.27932960893854997,0.4093317532962842,0.005970966790209388,False,-2.0,2524.0
2025-05-27,6.0,24.0,7.0,2504,11.0,2025,5,1,0.2916666666666667,0.00439297124600639,0.2000800320127949,0.4235258924904234,0.0053999723851385585,False,-5.0,2517.0
2025-05-22,18.0,36.0,17.0,2473,15.0,2025,5,3,0.4722222222222222,0.00606550748079256,-1.2380191693290743,0.4106290670935979,0.00535800195711642,False,3.0,2494.0
2025-05-21,14.0,62.0,13.0,2467,18.0,2025,5,2,0.20967741935483872,0.007296311309282529,-0.24262029923169948,0.3722600027778296,0.005549654437583879,False,-4.0,2511.0
2025-05-19,7.0,27.0,17.0,2457,6.0,2025,5,0,0.6296296296296297,0.002442002442002442,-0.4053506282934771,0.4246131077625135,0.004990762014400067,False,1.0,2478.0
2025-05-18,13.0,28.0,14.0,2437,9.0,2025,5,6,0.5,0.0036930652441526466,-0.8140008140008148,0.40080358395298976,0.004840223414559306,True,4.0,2456.0
2025-05-15,15.0,31.0,14.0,2410,14.0,2025,5,3,0.45161290322580644,0.005809128630705394,-1.107919573245797,0.4089287355416387,0.005043032464185787,False,1.0,2427.0
2025-05-14,7.0,30.0,14.0,2394,11.0,2025,5,2,0.4666666666666667,0.004594820384294068,-0.663900414937757,0.43163935825226146,0.004899115248176576,False,-4.0,2413.0
2025-05-13,18.0,29.0,12.0,2394,11.0,2025,5,1,0.41379310344827586,0.004594820384294068,0.0,0.4490859920782056,0.00492795083936053,False,7.0,2412.0
2025-05-12,7.0,33.0,14.0,2392,7.0,2025,5,0,0.42424242424242425,0.002926421404682274,-0.08354218880535225,0.4422317352239488,0.004479509971344775,False,0.0,2418.0
2025-05-11,15.0,20.0,12.0,2385,3.0,2025,5,6,0.6,0.0012578616352201257,-0.29264214046822445,0.4979921038875433,0.0036168743036215745,True,12.0,2402.0
2025-05-08,15.0,24.0,16.0,2361,11.0,2025,5,3,0.6666666666666666,0.004659042778483694,-1.0062893081761004,0.5032831091785485,0.003933594351690324,False,4.0,2374.0
2025-05-07,10.0,30.0,15.0,2335,10.0,2025,5,2,0.5,0.004282655246252677,-1.101228293096146,0.5032831091785486,0.004017821494847472,False,0.0,2355.0
2025-05-06,10.0,33.0,16.0,2339,16.0,2025,5,1,0.48484848484848486,0.006840530141085934,0.17130620985010836,0.5080310494103598,0.004165164567758977,False,-6.0,2356.0
2025-05-05,15.0,44.0,20.0,2331,17.0,2025,5,0,0.45454545454545453,0.007293007293007293,-0.3420265070542938,0.506299447678758,0.004550619840432295,False,-2.0,2358.0
2025-05-04,9.0,31.0,10.0,2335,5.0,2025,5,6,0.3225806451612903,0.0021413276231263384,0.1716001716001614,0.49326909649490297,0.004200120874551191,True,4.0,2361.0
2025-05-01,13.0,32.0,14.0,2306,16.0,2025,5,3,0.4375,0.006938421509106678,-1.2419700214132745,0.49516303588884236,0.00477326374661182,False,-3.0,2322.0
2025-04-30,7.0,34.0,9.0,2309,12.0,2025,4,2,0.2647058823529412,0.00519705500216544,0.1300954032957602,0.4472638762249768,0.0053360056561754365,False,-5.0,2331.0
2025-04-29,11.0,25.0,11.0,2304,15.0,2025,4,1,0.44,0.006510416666666667,-0.2165439584235651,0.4148829238440244,0.005600487640201574,False,-4.0,2314.0
2025-04-28,6.0,26.0,12.0,2307,8.0,2025,4,0,0.46153846153846156,0.0034677069787602947,0.13020833333332593,0.40938841834951895,0.005484066459131235,False,-2.0,2325.0
2025-04-27,9.0,40.0,12.0,2301,4.0,2025,4,6,0.3,0.001738374619730552,-0.2600780234070177,0.3829814919425925,0.004755187098937609,True,5.0,2337.0
2025-04-24,3.0,9.0,7.0,2294,13.0,2025,4,3,0.7777777777777778,0.005666957279860506,-0.3042155584528472,0.42915753811863866,0.00452289423991664,False,-10.0,2290.0
2025-04-23,3.0,23.0,4.0,2300,11.0,2025,4,2,0.17391304347826086,0.004782608695652174,0.2615518744550904,0.40791930930677733,0.004900220107420331,False,-8.0,2312.0
2025-04-22,7.0,19.0,14.0,2305,17.0,2025,4,1,0.7368421052631579,0.00737527114967462,0.21739130434783593,0.4506824672015141,0.004962627198930036,False,-10.0,2307.0
2025-04-21,10.0,25.0,5.0,2308,6.0,2025,4,0,0.2,0.0025996533795493936,0.130151843817794,0.44143876972252255,0.004591569824270601,False,4.0,2327.0
2025-04-20,4.0,15.0,6.0,2305,4.0,2025,4,6,0.4,0.0017353579175704988,-0.12998266897746857,0.4357244840082369,0.00390941857439972,True,0.0,2316.0
2025-04-17,7.0,26.0,10.0,2288,14.0,2025,4,3,0.38461538461538464,0.006118881118881119,-0.7375271149674623,0.42473547301922593,0.004288157737274124,False,-7.0,2300.0
2025-04-16,11.0,30.0,5.0,2291,8.0,2025,4,2,0.16666666666666666,0.003491924923614142,0.1311188811188746,0.40568785397160684,0.004538664923543208,False,3.0,2313.0
2025-04-15,4.0,19.0,12.0,2286,7.0,2025,4,1,0.631578947368421,0.0030621172353455816,-0.2182453077258839,0.3848023067702701,0.004166544917183932,False,-3.0,2298.0
2025-04-14,5.0,26.0,9.0,2282,13.0,2025,4,0,0.34615384615384615,0.0056967572304995615,-0.17497812773403787,0.40940813572392515,0.004297137565019274,False,-8.0,2295.0
2025-04-13,5.0,26.0,10.0,2283,3.0,2025,4,6,0.38461538461538464,0.001314060446780552,0.04382120946537782,0.35909003277424334,0.0034312503217486926,True,2.0,2306.0
2025-04-11,8.0,22.0,8.0,2267,9.0,2025,4,4,0.36363636363636365,0.003970004411116012,-0.7008322382829557,0.38246665615086667,0.003627014754829638,False,-1.0,2280.0
2025-04-10,18.0,25.0,17.0,2265,6.0,2025,4,3,0.68,0.0026490066225165563,-0.08822232024702226,0.4224666561508667,0.0037575359983933604,False,12.0,2284.0
2025-04-09,6.0,19.0,10.0,2251,5.0,2025,4,2,0.5263157894736842,0.002221235006663705,-0.6181015452538685,0.44270957113062376,0.00320072941093373,False,1.0,2265.0
2025-04-08,12.0,34.0,12.0,2243,9.0,2025,4,1,0.35294117647058826,0.004012483281319661,-0.35539760106618745,0.46932021538832686,0.003275094890605947,False,3.0,2268.0
2025-04-07,12.0,22.0,9.0,2237,5.0,2025,4,0,0.4090909090909091,0.002235136343316942,-0.2674988854213134,0.43753620992011083,0.003156954763173284,False,7.0,2254.0
2025-04-06,7.0,14.0,7.0,2234,11.0,2025,4,6,0.5,0.004923903312444047,-0.13410818059901297,0.45951423189813284,0.003046547060593925,True,-4.0,2237.0
2025-04-03,12.0,26.0,18.0,2223,8.0,2025,4,3,0.6923076923076923,0.003598740440845704,-0.4923903312444078,0.5034702758541768,0.0033729299168889465,False,4.0,2241.0
2025-04-02,5.0,31.0,16.0,2208,3.0,2025,4,2,0.5161290322580645,0.001358695652173913,-0.6747638326585648,0.5252549428001341,0.002999885808468647,False,2.0,2236.0
2025-04-01,17.0,36.0,7.0,2191,12.0,2025,4,1,0.19444444444444445,0.005476951163852123,-0.7699275362318847,0.4558898634350547,0.003403877885802299,False,5.0,2215.0
2025-03-31,9.0,25.0,8.0,2193,5.0,2025,3,0,0.32,0.002279981760145919,0.09128251939753973,0.42641617922452835,0.003412270279156901,False,4.0,2213.0
2025-03-30,9.0,20.0,5.0,2188,2.0,2025,3,6,0.25,0.0009140767824497258,-0.22799817601458772,0.41171029687158717,0.002969640779318339,True,7.0,2206.0
2025-03-27,1.0,19.0,13.0,2159,2.0,2025,3,3,0.6842105263157895,0.0009263547938860583,-1.3254113345521068,0.4510130993322844,0.0027826719865424983,False,-1.0,2176.0
2025-03-26,9.0,21.0,15.0,2159,2.0,2025,3,2,0.7142857142857143,0.0009263547938860583,0.0,0.4816253442302436,0.0022115936267485003,False,7.0,2178.0
2025-03-25,12.0,19.0,7.0,2145,6.0,2025,3,1,0.3684210526315789,0.002797202797202797,-0.6484483557202436,0.4353558242765131,0.0020970882490852277,False,6.0,2158.0
2025-03-24,7.0,13.0,11.0,2139,7.0,2025,3,0,0.8461538461538461,0.0032725572697522207,-0.2797202797202747,0.48250222626162476,0.0023704970515964143,False,0.0,2145.0
2025-03-23,15.0,29.0,9.0,2136,2.0,2025,3,6,0.3103448275862069,0.0009363295880149813,-0.14025245441795509,0.4990594238533051,0.001721836826476823,True,13.0,2163.0
2025-03-20,9.0,20.0,11.0,2124,7.0,2025,3,3,0.55,0.003295668549905838,-0.5617977528089901,0.531916566710448,0.0018669349392996684,False,2.0,2137.0
2025-03-19,6.0,22.0,14.0,2119,9.0,2025,3,2,0.6363636363636364,0.004247286455875413,-0.23540489642184248,0.5871113719052532,0.002343107749789052,False,-3.0,2132.0
2025-03-18,19.0,34.0,6.0,2109,8.0,2025,3,1,0.17647058823529413,0.003793266951161688,-0.47192071731948504,0.514577095036611,0.0027526666293998564,False,11.0,2135.0
2025-03-17,5.0,14.0,0.0,2111,8.0,2025,3,0,0.0,0.0037896731406916154,0.0948316737790389,0.4125362787100803,0.0031617121075149363,False,-3.0,2117.0
2025-03-16,1.0,9.0,8.0,2117,5.0,2025,3,6,0.8888888888888888,0.0023618327822390174,0.28422548555187,0.4868888267468389,0.003099516391091539,True,-4.0,2121.0
2025-03-13,4.0,20.0,9.0,2116,6.0,2025,3,3,0.45,0.002835538752362949,-0.04723665564477786,0.4302954201534323,0.003037085174321643,False,-2.0,2130.0
2025-03-12,6.0,18.0,2.0,2113,8.0,2025,3,2,0.1111111111111111,0.003786086133459536,-0.14177693761814325,0.4018334606569901,0.0034441932522422942,False,-2.0,2123.0
2025-03-11,3.0,11.0,7.0,2116,20.0,2025,3,1,0.6363636363636364,0.00945179584120983,0.14197823000472454,0.41417112299465236,0.004323640008142864,False,-17.0,2107.0
2025-03-10,6.0,28.0,8.0,2125,23.0,2025,3,0,0.2857142857142857,0.010823529411764706,0.42533081285445196,0.3640783586161737,0.005263103287555621,False,-17.0,2130.0
2025-03-09,12.0,25.0,15.0,2137,30.0,2025,3,6,0.6,0.014038371548900327,0.5647058823529338,0.424582560296846,0.0067266896586611405,True,-18.0,2132.0
2025-03-06,7.0,27.0,6.0,2218,33.0,2025,3,3,0.2222222222222222,0.014878268710550046,3.7903603182030787,0.4563285920428778,0.008310774740069487,False,-26.0,2212.0
2025-03-05,5.0,20.0,4.0,2238,40.0,2025,3,2,0.2,0.017873100983020553,0.9017132551848439,0.35791589363017934,0.010526670197323992,False,-35.0,2218.0
2025-03-04,4.0,25.0,10.0,2272,30.0,2025,3,1,0.4,0.013204225352112676,1.5192135835567555,0.3507730364873222,0.012007911140145381,False,-26.0,2267.0
2025-03-03,8.0,29.0,18.0,2287,25.0,2025,3,0,0.6206896551724138,0.010931351114997814,0.660211267605626,0.42356997135322255,0.013028663280365138,False,-17.0,2291.0
2025-03-02,12.0,24.0,4.0,2297,31.0,2025,3,6,0.16666666666666666,0.013495864170657379,0.4372540445999107,0.35647040425365545,0.013606387327429071,True,-19.0,2290.0
2025-02-27,10.0,15.0,17.0,2391,37.0,2025,2,3,1.1333333333333333,0.01547469677959013,4.092294296909005,0.47755883962780515,0.014270839808546988,False,-27.0,2369.0
2025-02-26,12.0,21.0,1.0,2411,23.0,2025,2,2,0.047619047619047616,0.00953961012028204,0.836470096194053,0.39864727500195485,0.013628159604458663,False,-11.0,2409.0
2025-02-25,11.0,7.0,7.0,2413,23.0,2025,2,1,1.0,0.009531703273932863,0.08295313148072303,0.5097583861130659,0.01286436454208478,False,-12.0,2397.0
2025-02-24,20.0,22.0,14.0,2413,24.0,2025,2,0,0.6363636363636364,0.009946125155408206,0.0,0.5720960484507283,0.011731939423854445,False,-4.0,2411.0
2025-02-23,7.0,16.0,8.0,2423,35.0,2025,2,6,0.5,0.014444903012794058,0.4144218814753353,0.5863817627364425,0.01190917908966607,True,-28.0,2404.0
2025-02-20,13.0,25.0,15.0,2520,32.0,2025,2,3,0.6,0.012698412698412698,4.0033016921172,0.5834260977118121,0.012161616458725337,False,-19.0,2513.0
2025-02-19,12.0,17.0,17.0,2528,19.0,2025,2,2,1.0,0.007515822784810127,0.31746031746031633,0.702473716759431,0.011307324832175733,False,-7.0,2526.0
2025-02-18,18.0,19.0,11.0,2536,9.0,2025,2,1,0.5789473684210527,0.003548895899053628,0.31645569620253333,0.6232757217719624,0.00960363899209909,False,9.0,2546.0
2025-02-17,8.0,17.0,14.0,2532,15.0,2025,2,0,0.8235294117647058,0.005924170616113744,-0.1577287066246047,0.7341200595070564,0.00908714763436076,False,-7.0,2534.0
2025-02-13,15.0,10.0,23.0,2703,72.0,2025,2,3,2.3,0.026637069922308545,6.753554502369674,0.9198343452213421,0.011530771441271572,False,-57.0,2641.0
2025-02-12,16.0,20.0,20.0,2752,66.0,2025,2,2,1.0,0.023982558139534885,1.8128005919348933,0.9717823971693941,0.013535976153289669,False,-50.0,2706.0
2025-02-11,11.0,22.0,12.0,2799,50.0,2025,2,1,0.5454545454545454,0.01786352268667381,1.7078488372092915,0.9782759036629004,0.014024350392415346,False,-39.0,2771.0
2025-02-10,16.0,18.0,15.0,2834,63.0,2025,2,0,0.8333333333333334,0.022230063514467185,1.2504465880671667,1.011609236996234,0.015386014794708846,False,-47.0,2789.0
2025-02-09,15.0,13.0,23.0,2878,99.0,2025,2,6,1.7692307692307692,0.03439888811674774,1.552575864502459,1.121499346886344,0.01922645269927136,True,-84.0,2792.0
2025-02-06,25.0,32.0,27.0,3181,145.0,2025,2,3,0.84375,0.045583149952845015,10.528144544822805,1.159328294254765,0.025231346135527275,False,-120.0,3068.0
2025-02-05,26.0,36.0,36.0,3290,104.0,2025,2,2,1.0,0.031610942249240125,3.4265954102483454,1.1845383782883783,0.02890088494025961,False,-78.0,3222.0
2025-02-04,34.0,54.0,29.0,3359,74.0,2025,2,1,0.5370370370370371,0.022030366180410838,2.0972644376899607,0.9326865264365265,0.028242784405702798,False,-40.0,3339.0
2025-02-03,23.0,45.0,11.0,3403,102.0,2025,2,0,0.24444444444444444,0.02997355274757567,1.3099136647811926,0.8247500185000185,0.029098640778280054,False,-79.0,3346.0
2025-02-02,20.0,22.0,41.0,3483,168.0,2025,2,6,1.8636363636363635,0.04823428079242033,2.3508668821627943,1.0130617068117067,0.03343732050767241,True,-148.0,3337.0
2025-01-30,47.0,42.0,47.0,3923,159.0,2025,1,3,1.119047619047619,0.04053020647463676,12.632787826586277,1.053878033342319,0.0360516266448395,False,-112.0,3806.0
2025-01-29,32.0,50.0,39.0,4036,99.0,2025,1,2,0.78,0.024529236868186324,2.8804486362477677,0.9125593520236377,0.03464167646647358,False,-67.0,3987.0
2025-01-28,32.0,49.0,39.0,4096,101.0,2025,1,1,0.7959183673469388,0.024658203125,1.4866204162537144,0.905726261644629,0.03165239834821,False,-69.0,4044.0
2025-01-27,33.0,53.0,34.0,4161,127.0,2025,1,0,0.6415094339622641,0.030521509252583512,1.5869140625,0.8545133236392382,0.031496765062973345,False,-94.0,4087.0
2025-01-26,29.0,51.0,11.0,4241,182.0,2025,1,6,0.21568627450980393,0.042914406979485974,1.9226147560682527,0.8086060718496333,0.03448019946284122,True,-153.0,4110.0
2025-01-23,91.0,75.0,97.0,4621,174.0,2025,1,3,1.2933333333333332,0.03765418740532352,8.960150907804753,0.9584473416909033,0.035577432985376634,False,-83.0,4522.0
2025-01-22,62.0,97.0,52.0,4717,83.0,2025,1,2,0.5360824742268041,0.017595929616281536,2.0774724085695695,0.7687967860609662,0.03120052567449966,False,-21.0,4731.0
2025-01-21,59.0,64.0,117.0,4728,54.0,2025,1,1,1.828125,0.011421319796954314,0.23319906720373762,0.8700935547684493,0.027042113291973598,False,5.0,4738.0
2025-01-20,84.0,118.0,136.0,4638,127.0,2025,1,0,1.152542372881356,0.02738249245364381,-1.9035532994923887,0.9233138937515,0.02744972123275324,False,-43.0,4629.0
2025-01-19,86.0,152.0,168.0,4628,176.0,2025,1,6,1.105263157894737,0.03802938634399308,-0.21561017680034045,0.9675060066868998,0.02935989026403796,True,-90.0,4604.0
2025-01-16,106.0,196.0,131.0,4881,159.0,2025,1,3,0.6683673469387755,0.032575291948371235,5.46672428694901,0.9713428513978298,0.029653287792007644,False,-53.0,4918.0
2025-01-15,113.0,162.0,107.0,4903,164.0,2025,1,2,0.6604938271604939,0.033448908831327756,0.45072730997746113,1.0348867874907859,0.02830107377084218,False,-51.0,4901.0
2025-01-14,92.0,124.0,93.0,4957,139.0,2025,1,1,0.75,0.0280411539237442,1.1013665102998171,0.9572677398717381,0.026927783273473702,False,-47.0,4942.0
2025-01-13,68.0,107.0,102.0,5019,181.0,2025,1,0,0.9532710280373832,0.03606296074915322,1.2507565059511894,1.0168661047018208,0.02956593057816966,False,-113.0,4945.0
2025-01-12,74.0,103.0,80.0,5092,235.0,2025,1,6,0.7766990291262136,0.04615082482325216,1.454473002590162,0.8666623945769941,0.03452728843906935,True,-161.0,4960.0
2025-01-09,56.0,82.0,68.0,5507,164.0,2025,1,3,0.8292682926829268,0.02978027964408934,8.150039277297715,0.8204803831200757,0.034869829466275856,False,-108.0,5425.0
2025-01-08,38.0,80.0,82.0,5605,184.0,2025,1,2,1.025,0.03282783229259589,1.7795532958053473,0.8090142177065419,0.03412675031607626,False,-146.0,5501.0
2025-01-07,65.0,83.0,65.0,5703,133.0,2025,1,1,0.7831325301204819,0.02332105909170612,1.7484388938447726,0.8254092438753571,0.03280471705083838,False,-68.0,5653.0
2025-01-06,41.0,60.0,71.0,5769,190.0,2025,1,0,1.1833333333333333,0.03293465071936211,1.1572856391373065,0.9001006019000484,0.03273125160627186,False,-149.0,5639.0
2025-01-05,43.0,73.0,64.0,5882,185.0,2025,1,6,0.8767123287671232,0.031451887113226794,1.9587450164673337,0.9182023631524946,0.033218499204769374,True,-142.0,5770.0
2025-01-02,35.0,70.0,53.0,6292,170.0,2025,1,3,0.7571428571428571,0.0270184361093452,6.9704182250935,0.890184053024705,0.03192642425622537,False,-135.0,6192.0
2025-01-01,25.0,66.0,94.0,6405,144.0,2025,1,2,1.4242424242424243,0.022482435597189696,1.7959313413858924,0.982690252327021,0.02854522579535931,False,-119.0,6327.0
2024-12-30,99.0,156.0,139.0,6454,177.0,2024,12,0,0.8910256410256411,0.02742485280446235,0.7650273224043769,0.9915127306616945,0.028208736246841164,False,-78.0,6433.0
2024-12-29,107.0,170.0,133.0,6465,216.0,2024,12,6,0.7823529411764706,0.03341067285382831,0.17043693833280749,0.956848865115476,0.02829199918416008,True,-109.0,6419.0
2024-12-26,80.0,122.0,152.0,6707,135.0,2024,12,3,1.2459016393442623,0.020128224243327865,3.7432327919566966,1.0229587378617302,0.027835879920106044,False,-55.0,6694.0
2024-12-25,57.0,162.0,193.0,6689,107.0,2024,12,2,1.191358024691358,0.015996412019733893,-0.2683763232443681,1.0241051223414481,0.02541613153444487,False,-50.0,6744.0
2024-12-24,161.0,304.0,211.0,6622,155.0,2024,12,1,0.694078947368421,0.023406825732407127,-1.0016444909553002,0.9980146392844907,0.024266837051470636,False,6.0,6771.0
2024-12-23,205.0,294.0,177.0,6548,231.0,2024,12,0,0.6020408163265306,0.03527794746487477,-1.1174871639987871,0.9758572048821582,0.025446767245117716,False,-26.0,6611.0
2024-12-22,100.0,255.0,236.0,6595,268.0,2024,12,6,0.9254901960784314,0.04063684609552692,0.7177764202809911,0.9046068865730164,0.028040254459165886,True,-168.0,6582.0
2024-12-19,269.0,412.0,204.0,6600,238.0,2024,12,3,0.49514563106796117,0.036060606060606064,0.07581501137225999,0.8480525994362049,0.02927393349575785,False,31.0,6774.0
2024-12-18,168.0,285.0,210.0,6598,134.0,2024,12,2,0.7368421052631579,0.020309184601394362,-0.030303030303024947,0.841551051448589,0.027402292316838713,False,34.0,6749.0
2024-12-17,187.0,310.0,247.0,6506,151.0,2024,12,1,0.7967741935483871,0.02320934521979711,-1.3943619278569241,0.7773899877634639,0.02784245245633432,False,36.0,6665.0
2024-12-16,133.0,287.0,189.0,6454,149.0,2024,12,0,0.6585365853658537,0.0230864580105361,-0.7992622194897048,0.7012726392883918,0.028855316169306065,False,-16.0,6592.0
2024-12-15,180.0,337.0,219.0,6408,224.0,2024,12,6,0.6498516320474778,0.03495630461922597,-0.712736287573601,0.6949544513853999,0.0305052417245659,True,-44.0,6521.0
2024-12-12,153.0,253.0,286.0,6481,194.0,2024,12,3,1.1304347826086956,0.02993365221416448,1.139200998751555,0.7704393037114234,0.029741770974464427,False,-41.0,6540.0
2024-12-11,209.0,353.0,232.0,6402,152.0,2024,12,2,0.6572237960339944,0.023742580443611373,-1.2189476932572108,0.732115532276504,0.02732830445276221,False,57.0,6603.0
2024-12-10,167.0,326.0,213.0,6310,149.0,2024,12,1,0.6533742331288344,0.023613312202852614,-1.437050921587002,0.7547196182852002,0.025550119615940288,False,18.0,6487.0
2024-12-09,224.0,315.0,152.0,6268,174.0,2024,12,0,0.48253968253968255,0.027760051052967454,-0.6656101426307459,0.718390700753275,0.026614529109022157,False,50.0,6409.0
2024-12-08,132.0,243.0,183.0,6286,172.0,2024,12,6,0.7530864197530864,0.02736239261851734,0.2871729419272606,0.7121495902110893,0.027207821594553618,True,-40.0,6357.0
2024-12-05,218.0,283.0,208.0,6310,150.0,2024,12,3,0.734982332155477,0.02377179080824089,0.38180082723513475,0.7230704111810354,0.027305726279940015,False,68.0,6443.0
2024-12-04,118.0,245.0,160.0,6269,115.0,2024,12,2,0.6530612244897959,0.01834423353006859,-0.6497622820919147,0.7235289243870808,0.02493257326720325,False,3.0,6399.0
2024-12-03,81.0,230.0,242.0,6192,107.0,2024,12,1,1.0521739130434782,0.01728036175710594,-1.2282660711437243,0.7123488001634783,0.023124960344766316,False,-26.0,6315.0
2024-12-02,236.0,330.0,222.0,6061,115.0,2024,12,0,0.6727272727272727,0.018973766705164163,-2.115633074935397,0.7145635825482325,0.022443701239273854,False,121.0,6276.0
2024-12-01,196.0,306.0,187.0,5986,149.0,2024,12,6,0.6111111111111112,0.02489141329769462,-1.237419567728093,0.7085259936885577,0.022626287109965566,True,47.0,6143.0
2024-11-28,113.0,280.0,237.0,5963,143.0,2024,11,3,0.8464285714285714,0.02398121750796579,-0.3842298696959623,0.7605101206726849,0.022086453746393904,False,-30.0,6100.0
2024-11-27,239.0,367.0,224.0,5862,211.0,2024,11,2,0.6103542234332425,0.03599454111224838,-1.6937782995136708,0.740119806912707,0.023319617816926912,False,28.0,6018.0
2024-11-26,152.0,272.0,214.0,5826,112.0,2024,11,1,0.7867647058823529,0.01922416752488843,-0.61412487205732,0.7475172888736893,0.022669957347876562,False,40.0,5986.0
2024-11-25,170.0,297.0,196.0,5715,129.0,2024,11,0,0.6599326599326599,0.02257217847769029,-1.905252317198769,0.7484989225083841,0.023273949483251087,False,41.0,5883.0
2024-11-24,191.0,283.0,192.0,5664,207.0,2024,11,6,0.6784452296819788,0.036546610169491525,-0.8923884514435709,0.6951091105995985,0.026026270685020458,True,-16.0,5740.0
2024-11-21,109.0,214.0,173.0,5850,210.0,2024,11,3,0.8084112149532711,0.035897435897435895,3.2838983050847537,0.7144925309175983,0.028443937712487845,False,-101.0,5854.0
2024-11-20,155.0,212.0,181.0,5879,148.0,2024,11,2,0.8537735849056604,0.025174349379146112,0.4957264957264895,0.7491585986025339,0.028484357152695202,False,7.0,5943.0
2024-11-19,119.0,209.0,152.0,5844,146.0,2024,11,1,0.7272727272727273,0.024982888432580425,-0.5953393434257492,0.7321363351516991,0.02862745299906872,False,-27.0,5907.0
2024-11-18,143.0,203.0,163.0,5819,138.0,2024,11,0,0.8029556650246306,0.023715415019762844,-0.42778918548939115,0.7596508268076116,0.026873292128713647,False,5.0,5884.0
2024-11-17,105.0,210.0,149.0,5816,195.0,2024,11,6,0.7095238095238096,0.03352819807427786,-0.05155525004296724,0.7486164130421054,0.028916725064340707,True,-90.0,5831.0
2024-11-14,119.0,219.0,210.0,6025,172.0,2024,11,3,0.958904109589041,0.028547717842323652,3.5935350756533646,0.7913266201358741,0.029770373545002615,False,-53.0,6072.0
2024-11-13,148.0,245.0,175.0,5966,151.0,2024,11,2,0.7142857142857143,0.02531009051290647,-0.979253112033196,0.7964466893649792,0.028165156451204747,False,-3.0,6060.0
2024-11-12,142.0,235.0,139.0,5975,138.0,2024,11,1,0.5914893617021276,0.02309623430962343,0.15085484411665462,0.7654578531862443,0.026336413367231543,False,4.0,6072.0
2024-11-11,118.0,139.0,168.0,5963,145.0,2024,11,0,1.20863309352518,0.024316619151433842,-0.20083682008368298,0.8161520687033186,0.02621388047755836,False,-27.0,5957.0
2024-11-07,125.0,232.0,192.0,6084,177.0,2024,11,3,0.8275862068965517,0.029092702169625246,2.029179942981729,0.8304825657924363,0.026800996725707623,False,-52.0,6139.0
2024-11-06,156.0,256.0,176.0,6086,137.0,2024,11,2,0.6875,0.022510680249753532,0.032873109796183186,0.8139888993603464,0.026628891758563433,False,19.0,6205.0
2024-11-05,109.0,245.0,159.0,6045,126.0,2024,11,1,0.6489795918367347,0.020843672456575684,-0.6736772921459133,0.8053397254050499,0.024816816670320267,False,-17.0,6164.0
2024-11-04,167.0,209.0,157.0,6007,132.0,2024,11,0,0.7511961722488039,0.021974363242883304,-0.6286186931348192,0.7756671629278732,0.023877766013257362,False,35.0,6084.0
2024-11-03,84.0,171.0,157.0,5990,184.0,2024,11,6,0.9181286549707602,0.030717863105175294,-0.28300316297652506,0.8047875830257369,0.024650304955010048,True,-100.0,5977.0
2024-10-31,87.0,246.0,173.0,6148,177.0,2024,10,3,0.7032520325203252,0.028789850357839947,2.6377295492487463,0.8207536788569081,0.025463678676183838,False,-90.0,6217.0
2024-10-30,136.0,276.0,178.0,6149,160.0,2024,10,2,0.644927536231884,0.026020491136770206,0.016265452179564655,0.7402243135292943,0.025707088959803316,False,-24.0,6265.0
2024-10-29,166.0,277.0,229.0,6106,126.0,2024,10,1,0.8267148014440433,0.020635440550278415,-0.6993006993006978,0.7400998270360788,0.024498908728468053,False,40.0,6257.0
2024-10-28,110.0,272.0,193.0,6008,156.0,2024,10,0,0.7095588235294118,0.02596537949400799,-1.6049787094660983,0.7432510875402805,0.024992437191932976,False,-46.0,6124.0
2024-10-27,202.0,313.0,158.0,5974,192.0,2024,10,6,0.5047923322683706,0.03213927017073987,-0.565912117177092,0.7226529076019428,0.026606094008242147,True,10.0,6095.0
2024-10-23,134.0,294.0,186.0,6077,138.0,2024,10,2,0.6326530612244898,0.022708573309198617,1.724137931034475,0.7057181774556122,0.026710981160572904,False,-4.0,6233.0
2024-10-22,180.0,280.0,146.0,6043,109.0,2024,10,1,0.5214285714285715,0.018037398643058082,-0.5594865887773581,0.6490467369495851,0.024899486237413306,False,71.0,6214.0
2024-10-21,108.0,220.0,213.0,5966,154.0,2024,10,0,0.9681818181818181,0.025812939993295342,-1.2742015555187836,0.6868938491869414,0.024474213328192645,False,-46.0,6032.0
2024-10-20,147.0,276.0,214.0,5918,195.0,2024,10,6,0.7753623188405797,0.03295032105441027,-0.8045591686221876,0.7055273895596121,0.025464189030712656,True,-48.0,5999.0
2024-10-17,104.0,230.0,206.0,6076,160.0,2024,10,3,0.8956521739130435,0.026333113890717578,2.6698208854342598,0.7153755856266122,0.026278142365061107,False,-56.0,6146.0
2024-10-16,174.0,285.0,150.0,6036,129.0,2024,10,2,0.5263157894736842,0.021371769383697812,-0.6583278472679366,0.6891980093329367,0.02562191234930251,False,45.0,6192.0
2024-10-15,113.0,208.0,159.0,6013,107.0,2024,10,1,0.7644230769230769,0.017794777981041076,-0.3810470510271724,0.7262881157121805,0.023572699179345537,False,6.0,6114.0
2024-10-14,88.0,214.0,160.0,5935,106.0,2024,10,0,0.7476635514018691,0.017860151642796966,-1.2971894229170111,0.7427181857375205,0.022880067512716734,False,-18.0,6043.0
2024-10-13,130.0,227.0,192.0,5889,210.0,2024,10,6,0.8458149779735683,0.03565970453387672,-0.7750631844987366,0.7890591009582343,0.02539753978283368,True,-80.0,5906.0
2024-10-10,84.0,158.0,193.0,6075,159.0,2024,10,3,1.2215189873417722,0.02617283950617284,3.1584309730005034,0.8252501251239419,0.02544895399895904,False,-75.0,6074.0
2024-10-09,115.0,216.0,169.0,6047,137.0,2024,10,2,0.7824074074074074,0.022655862411112948,-0.46090534979423836,0.8262565663477746,0.023978317049916566,False,-22.0,6126.0
2024-10-08,167.0,239.0,166.0,6013,123.0,2024,10,1,0.694560669456067,0.02045567936138367,-0.5622622788159393,0.7975292085682064,0.023138683545726006,False,44.0,6129.0
2024-10-07,99.0,190.0,176.0,5968,153.0,2024,10,0,0.9263157894736842,0.025636729222520107,-0.7483785132213483,0.8546720657110635,0.02374796352270062,False,-54.0,6005.0
2024-10-03,101.0,162.0,178.0,6118,193.0,2024,10,3,1.0987654320987654,0.03154625694671461,2.5134048257372754,0.9024352593075905,0.025712460517796836,False,-92.0,6087.0
2024-10-02,107.0,215.0,230.0,6091,173.0,2024,10,2,1.069767441860465,0.028402561155803644,-0.44132069303693955,0.9484501008016757,0.027218519019654934,False,-66.0,6133.0
2024-10-01,184.0,314.0,217.0,6040,137.0,2024,10,1,0.6910828025477707,0.022682119205298012,-0.8373009358069283,0.926345504312276,0.025364578258429405,False,47.0,6217.0
2024-09-30,209.0,285.0,184.0,5967,138.0,2024,9,0,0.6456140350877193,0.023127199597787834,-1.2086092715231755,0.8440733682759828,0.024929486842945832,False,71.0,6114.0
2024-09-29,81.0,213.0,153.0,5925,177.0,2024,9,6,0.7183098591549296,0.029873417721518986,-0.7038712921065837,0.834916575668486,0.025960566173003834,True,-96.0,5961.0
2024-09-26,91.0,199.0,172.0,6090,185.0,2024,9,3,0.864321608040201,0.030377668308702793,2.784810126582271,0.8591681383233621,0.027377993165478,False,-94.0,6104.0
2024-09-25,154.0,225.0,220.0,6050,169.0,2024,9,2,0.9777777777777777,0.02793388429752066,-0.6568144499178974,0.8665198509382328,0.027706158176192357,False,-15.0,6106.0
2024-09-24,186.0,259.0,172.0,6023,143.0,2024,9,1,0.6640926640926641,0.023742321102440643,-0.44628099173553704,0.8044237412230754,0.02659131019843894,False,43.0,6139.0
2024-09-23,92.0,203.0,173.0,6002,165.0,2024,9,0,0.8522167487684729,0.02749083638787071,-0.348663456749132,0.7733450707813622,0.026461063803019953,False,-73.0,6040.0
2024-09-22,124.0,234.0,161.0,5989,197.0,2024,9,6,0.688034188034188,0.032893638336951074,-0.21659446851050035,0.772909554422279,0.027919852250398954,True,-73.0,6026.0
2024-09-19,93.0,196.0,169.0,6270,188.0,2024,9,3,0.8622448979591837,0.029984051036682616,4.691935214560017,0.8038568205467739,0.028899402455955354,False,-95.0,6278.0
2024-09-18,116.0,213.0,217.0,6245,149.0,2024,9,2,1.0187793427230047,0.02385908726981585,-0.3987240829346095,0.8467810324850703,0.028040212391426338,False,-33.0,6309.0
2024-09-17,159.0,304.0,139.0,6227,160.0,2024,9,1,0.45723684210526316,0.025694555965954713,-0.28823058446757477,0.7886260659229363,0.027371196342462323,False,-1.0,6371.0
2024-09-16,113.0,209.0,160.0,6229,164.0,2024,9,0,0.7655502392344498,0.026328463637823086,0.03211819495745338,0.7583078461310323,0.027141850533934104,False,-51.0,6274.0
2024-09-15,98.0,220.0,167.0,6234,210.0,2024,9,6,0.759090909090909,0.03368623676612127,0.08026970621286544,0.7718790239879245,0.028562409914459904,True,-112.0,6244.0
2024-09-13,81.0,200.0,212.0,6326,279.0,2024,9,4,1.06,0.0441036990199178,1.4757779916586555,0.8015623455924283,0.030935676004752343,False,-198.0,6247.0
2024-09-12,184.0,280.0,210.0,6360,220.0,2024,9,3,0.75,0.03459119496855346,0.5374644325008004,0.8104146044446873,0.03117818409498126,False,-36.0,6420.0
2024-09-11,93.0,248.0,175.0,6410,162.0,2024,9,2,0.7056451612903226,0.02527301092043682,0.7861635220125729,0.7880432134919928,0.030505178364089,False,-69.0,6496.0
2024-09-10,131.0,251.0,180.0,6396,148.0,2024,9,1,0.7171314741035857,0.023139462163852407,-0.21840873634945135,0.7449506608320757,0.030402374777522796,False,-17.0,6499.0
2024-09-09,144.0,275.0,190.0,6353,141.0,2024,9,0,0.6909090909090909,0.022194238942232016,-0.6722951844903013,0.778332410661194,0.029902329488419553,False,3.0,6487.0
2024-09-08,123.0,255.0,164.0,6312,221.0,2024,9,6,0.6431372549019608,0.03501267427122941,-0.6453643947741172,0.7608448414708384,0.031142931007477597,True,-98.0,6346.0
2024-09-05,126.0,230.0,175.0,6448,121.0,2024,9,3,0.7608695652173914,0.018765508684863524,2.154626108998725,0.761098935203193,0.02901139842444078,False,5.0,6557.0
2024-09-04,121.0,231.0,219.0,6375,114.0,2024,9,2,0.948051948051948,0.01788235294117647,-1.1321339950372211,0.7451063563534712,0.02526549184176344,False,7.0,6492.0
2024-09-03,131.0,263.0,177.0,6272,112.0,2024,9,1,0.6730038022813688,0.017857142857142856,-1.6156862745098088,0.734106899536524,0.022874912968704784,False,19.0,6423.0
2024-09-02,133.0,270.0,198.0,6192,129.0,2024,9,0,0.7333333333333333,0.020833333333333332,-1.2755102040816313,0.7380623526855256,0.022240673313404288,False,4.0,6333.0
2024-08-29,145.0,295.0,188.0,6250,169.0,2024,8,3,0.6372881355932203,0.02704,0.9366925064599574,0.726656161469759,0.022797893004282515,False,-24.0,6376.0
2024-08-28,170.0,285.0,178.0,6227,134.0,2024,8,2,0.624561403508772,0.021519190621487074,-0.36800000000000166,0.7171779204125707,0.022701457529890383,False,36.0,6378.0
2024-08-27,149.0,285.0,222.0,6152,97.0,2024,8,1,0.7789473684210526,0.015767230169050715,-1.2044323109041244,0.7365793652010123,0.01995210837243628,False,52.0,6340.0
2024-08-22,182.0,307.0,205.0,6054,171.0,2024,8,3,0.6677524429967426,0.028245787908820614,-1.5929778933680083,0.723276919169491,0.021306433975858723,False,11.0,6190.0
2024-08-21,134.0,245.0,167.0,6028,156.0,2024,8,2,0.6816326530612244,0.025879230258792303,-0.4294681202510753,0.6852170198851021,0.022448845021232417,False,-22.0,6117.0
2024-08-20,136.0,274.0,245.0,5995,112.0,2024,8,1,0.8941605839416058,0.018682235195996665,-0.5474452554744547,0.7168108458365644,0.02256671535535439,False,24.0,6157.0
2024-08-19,176.0,254.0,162.0,5865,158.0,2024,8,0,0.6377952755905512,0.026939471440750214,-2.1684737281067568,0.7031625518733098,0.02343902079927108,False,18.0,5961.0
2024-08-18,86.0,244.0,235.0,5821,178.0,2024,8,6,0.9631147540983607,0.030578938326747983,-0.7502131287297487,0.7497092116597585,0.023944583417377936,True,-92.0,5887.0
2024-08-15,124.0,241.0,156.0,5895,220.0,2024,8,3,0.6473029045643154,0.037319762510602206,1.2712592338086193,0.7529579975248362,0.026201807972965813,False,-96.0,5916.0
2024-08-14,109.0,226.0,191.0,5987,178.0,2024,8,2,0.8451327433628318,0.029731084015366626,1.5606446140797203,0.7624130510879475,0.028196644236725226,False,-69.0,6035.0
2024-08-13,162.0,239.0,189.0,5981,123.0,2024,8,1,0.7907949790794979,0.02056512288914897,-0.10021713713045388,0.7799905562426267,0.027099406376772137,False,39.0,6097.0
2024-08-12,109.0,219.0,155.0,5903,148.0,2024,8,0,0.7077625570776256,0.025071997289513807,-1.3041297441899302,0.7837233996735412,0.026984087381160923,False,-39.0,5974.0
2024-08-11,95.0,211.0,140.0,5894,249.0,2024,8,6,0.6635071090047393,0.04224635222259925,-0.15246484838218333,0.7507729032539888,0.030350389813532722,True,-154.0,5856.0
2024-08-08,119.0,230.0,213.0,6084,174.0,2024,8,3,0.9260869565217391,0.028599605522682446,3.223617237869014,0.7919574291013014,0.03058755182523733,False,-55.0,6140.0
2024-08-07,135.0,273.0,207.0,6038,174.0,2024,8,2,0.7582417582417582,0.028817489234845974,-0.756081525312291,0.762689858264644,0.0303359162406799,False,-39.0,6137.0
2024-08-06,163.0,283.0,200.0,5998,143.0,2024,8,1,0.7067137809187279,0.023841280426808935,-0.662471016893007,0.7711771263152742,0.028410418800138,False,20.0,6138.0
2024-08-05,172.0,259.0,138.0,5950,150.0,2024,8,0,0.5328185328185329,0.025210084033613446,-0.8002667555851994,0.7265608105232315,0.02776456165988755,False,22.0,6059.0
2024-08-04,63.0,167.0,143.0,5943,170.0,2024,8,6,0.8562874251497006,0.028605081608615177,-0.11764705882353343,0.7359168742475461,0.02891312719123986,True,-107.0,5940.0
2024-08-01,227.0,298.0,212.0,6016,169.0,2024,8,3,0.7114093959731543,0.028091755319148936,1.2283358573111247,0.7364378512326217,0.029344521195473452,False,58.0,6145.0
2024-07-31,140.0,261.0,163.0,5963,154.0,2024,7,2,0.6245210727969349,0.02582592654704008,-0.8809840425531901,0.7308684174886497,0.026998746098964996,False,-14.0,6070.0
2024-07-30,125.0,203.0,208.0,5930,92.0,2024,7,1,1.0246305418719213,0.01551433389544688,-0.5534127117222898,0.7449460725386758,0.02512942158078849,False,33.0,6041.0
2024-07-29,114.0,210.0,219.0,5819,163.0,2024,7,0,1.042857142857143,0.028011685856676405,-1.871838111298485,0.7856054131980165,0.02501430681247855,False,-49.0,5866.0
2024-07-28,152.0,290.0,199.0,5743,207.0,2024,7,6,0.6862068965517242,0.03604387950548494,-1.3060663344217183,0.7826758582884444,0.02675753525228941,True,-55.0,5826.0
2024-07-25,93.0,198.0,208.0,5954,194.0,2024,7,3,1.0505050505050506,0.03258313738663084,3.674037959254739,0.8566310751008042,0.027810828588434748,False,-101.0,5958.0
2024-07-24,137.0,272.0,166.0,5927,177.0,2024,7,2,0.6102941176470589,0.02986333727011979,-0.4534766543500157,0.8214891740289981,0.027990579397221126,False,-40.0,6022.0
2024-07-23,120.0,257.0,126.0,5965,170.0,2024,7,1,0.490272373540856,0.028499580888516344,0.6411337944997486,0.7898981708243841,0.028048840192845037,False,-50.0,6052.0
2024-07-22,102.0,189.0,155.0,6002,234.0,2024,7,0,0.8201058201058201,0.03898700433188937,0.6202849958088841,0.8178388490113677,0.029928994162109222,False,-132.0,5957.0
2024-07-21,90.0,196.0,205.0,6058,262.0,2024,7,6,1.0459183673469388,0.04324859689666557,0.9330223258913639,0.8208799669363701,0.03389103173371189,True,-172.0,5992.0
2024-07-17,128.0,228.0,177.0,6228,187.0,2024,7,2,0.7763157894736842,0.030025690430314708,2.806206668867617,0.7828026307387332,0.03417874667280308,False,-59.0,6269.0
2024-07-16,136.0,246.0,123.0,6239,173.0,2024,7,1,0.5,0.02772880269273922,0.17662170841361569,0.7562016455170584,0.032990878556696544,False,-37.0,6312.0
2024-07-15,105.0,185.0,158.0,6283,171.0,2024,7,0,0.8540540540540541,0.027216297946840683,0.7052412245552198,0.7281372174526303,0.0322241872081551,False,-66.0,6297.0
2024-07-14,116.0,188.0,164.0,6308,237.0,2024,7,6,0.8723404255319149,0.037571337983512997,0.3978990927900661,0.765572404293324,0.03332533016721127,True,-121.0,6259.0
2024-07-11,80.0,176.0,125.0,6640,197.0,2024,7,3,0.7102272727272727,0.02966867469879518,5.263157894736836,0.7969945327485265,0.033492343568679674,False,-117.0,6619.0
2024-07-10,150.0,157.0,201.0,6649,177.0,2024,7,2,1.2802547770700636,0.02662054444277335,0.13554216867470714,0.8627300980291326,0.0317257064416631,False,-27.0,6629.0
2024-07-09,116.0,181.0,182.0,6651,130.0,2024,7,1,1.0055248618784531,0.019545932942414676,0.03007971123476505,0.8569595972479204,0.02833961159105583,False,-14.0,6702.0
2024-07-08,141.0,173.0,129.0,6617,123.0,2024,7,0,0.7456647398843931,0.018588484207344717,-0.5112013231093115,0.8525808758780216,0.026705724987774404,False,18.0,6667.0
2024-07-07,96.0,160.0,233.0,6599,213.0,2024,7,6,1.45625,0.032277617820881954,-0.27202659815626085,0.9891880187351644,0.02735555572036622,True,-117.0,6546.0
2024-07-04,158.0,226.0,191.0,6790,225.0,2024,7,3,0.8451327433628318,0.03313696612665685,2.894377936050918,0.9879135457792756,0.02820136546033996,False,-67.0,6791.0
2024-07-02,141.0,232.0,188.0,6823,184.0,2024,7,1,0.8103448275862069,0.026967609555913822,0.4860088365242987,0.9790570317870316,0.026686547113540078,False,-43.0,6871.0
2024-07-01,123.0,233.0,159.0,6825,229.0,2024,7,0,0.6824034334763949,0.03355311355311355,0.02931261908252214,0.9750821976083347,0.027241466949871278,False,-106.0,6829.0
2024-06-30,123.0,230.0,167.0,6874,273.0,2024,6,6,0.7260869565217392,0.03971486761710794,0.7179487179487243,0.8959153661014313,0.02911208454620479,True,-150.0,6831.0
2024-06-27,174.0,208.0,256.0,7248,268.0,2024,6,3,1.2307692307692308,0.0369757174392936,5.44079138783824,0.9280931330858281,0.031602053760044636,False,-94.0,7188.0
2024-06-26,132.0,235.0,197.0,7268,187.0,2024,6,2,0.8382978723404255,0.02572922399559714,0.2759381898454816,0.9413264377224042,0.032622159444080694,False,-55.0,7316.0
2024-06-25,172.0,263.0,191.0,7239,202.0,2024,6,1,0.7262357414448669,0.027904406686006356,-0.39900935608144783,0.8370386865002423,0.03199741499624132,False,-30.0,7300.0
2024-06-24,116.0,175.0,172.0,7239,202.0,2024,6,0,0.9828571428571429,0.027904406686006356,0.0,0.8567136007137153,0.031249906504719822,False,-86.0,7212.0
2024-06-23,102.0,227.0,201.0,7247,294.0,2024,6,6,0.8854625550660793,0.04056851110804471,0.11051250172675608,0.8674447046394114,0.033192892440738524,True,-192.0,7180.0
2024-06-20,145.0,247.0,243.0,7431,235.0,2024,6,3,0.9838056680161943,0.03162427667877809,2.538981647578309,0.9105021667165255,0.03291734431583345,False,-90.0,7443.0
2024-06-19,204.0,321.0,246.0,7433,198.0,2024,6,2,0.7663551401869159,0.026637965828064037,0.02691427802448132,0.9162547643829794,0.03104921548882718,False,6.0,7556.0
2024-06-18,160.0,297.0,253.0,7340,214.0,2024,6,1,0.8518518518518519,0.029155313351498638,-1.2511771828333074,0.8621237102519252,0.029932014904856474,False,-54.0,7423.0
2024-06-17,159.0,310.0,272.0,7318,224.0,2024,6,0,0.8774193548387097,0.030609456135556164,-0.2997275204359662,0.8677124934659658,0.03062919092485062,False,-65.0,7404.0
2024-06-16,204.0,315.0,233.0,7307,294.0,2024,6,6,0.7396825396825397,0.04023539072122622,-0.1503142935228241,0.8696334646427761,0.03239076007273917,True,-90.0,7328.0
2024-06-13,167.0,293.0,230.0,7544,259.0,2024,6,3,0.7849829351535836,0.03433191940615058,3.243465170384563,0.8413657206851249,0.03330897617561692,False,-92.0,7578.0
2024-06-12,152.0,266.0,274.0,7548,212.0,2024,6,2,1.0300751879699248,0.028086910439851617,0.05302226935313126,0.8620246682428172,0.031525890365875046,False,-60.0,7602.0
2024-06-11,186.0,352.0,224.0,7493,156.0,2024,6,1,0.6363636363636364,0.020819431469371413,-0.7286698463169095,0.8123900922924517,0.029982341050245522,False,30.0,7689.0
2024-06-10,184.0,334.0,229.0,7439,212.0,2024,6,0,0.6856287425149701,0.02849845409329211,-0.7206726277859343,0.800857749767888,0.030248125088135253,False,-28.0,7561.0
2024-06-09,116.0,289.0,166.0,7451,312.0,2024,6,6,0.5743944636678201,0.041873574016910484,0.16131200430165027,0.7612209800273121,0.03206501946890837,True,-196.0,7428.0
2024-06-06,179.0,326.0,282.0,7741,238.0,2024,6,3,0.8650306748466258,0.030745381733626148,3.892095020802566,0.7594511685998715,0.032084437411489794,False,-59.0,7829.0
2024-06-05,173.0,345.0,291.0,7691,198.0,2024,6,2,0.8434782608695652,0.025744376544012484,-0.6459113809585304,0.7742791287694466,0.03001429252903069,False,-25.0,7838.0
2024-06-04,260.0,356.0,176.0,7565,203.0,2024,6,1,0.4943820224719101,0.02683410442828817,-1.638278507346247,0.7327647126720647,0.028943176103621775,False,57.0,7718.0
2024-06-03,109.0,244.0,257.0,7596,224.0,2024,6,0,1.0532786885245902,0.02948920484465508,0.40978189028419987,0.7360794984655883,0.029143503875736554,False,-115.0,7616.0
2024-06-02,159.0,330.0,322.0,7546,306.0,2024,6,6,0.9757575757575757,0.040551285449244634,-0.6582411795681975,0.7845643469504368,0.03196234015857558,True,-147.0,7570.0
2024-05-30,167.0,406.0,339.0,7563,190.0,2024,5,3,0.8349753694581281,0.025122305963242098,0.22528491916247173,0.805899579370888,0.031480033282854154,False,-23.0,7779.0
2024-05-29,182.0,462.0,158.0,7491,141.0,2024,5,2,0.341991341991342,0.01882258710452543,-0.9520031733439072,0.7726991334171053,0.02818703515251344,False,41.0,7812.0
2024-05-28,153.0,348.0,239.0,7418,151.0,2024,5,1,0.6867816091954023,0.020355891075761662,-0.9745027366172776,0.7472349811812162,0.02670282220138994,False,2.0,7615.0
2024-05-27,156.0,344.0,252.0,7365,167.0,2024,5,0,0.7325581395348837,0.02267481330617787,-0.7144782960366691,0.7313892495619759,0.026264313167413563,False,-11.0,7542.0
2024-05-23,193.0,272.0,314.0,7494,227.0,2024,5,3,1.1544117647058822,0.03029089938617561,1.7515274949083448,0.8256792127382576,0.026758141018540342,False,-34.0,7539.0
2024-05-22,168.0,349.0,272.0,7474,208.0,2024,5,2,0.7793696275071633,0.02782981000802783,-0.2668801708033075,0.7865493468786253,0.026521084613307877,False,-40.0,7615.0
2024-05-21,196.0,348.0,176.0,7404,145.0,2024,5,1,0.5057471264367817,0.01958400864397623,-0.9365801445009314,0.7194049969756549,0.023525759355412394,False,51.0,7607.0
2024-05-20,111.0,268.0,217.0,7368,192.0,2024,5,0,0.8097014925373134,0.026058631921824105,-0.4862236628849326,0.7157944431298241,0.02365952020663839,False,-81.0,7444.0
2024-05-19,143.0,295.0,278.0,7356,298.0,2024,5,6,0.9423728813559322,0.04051114736269712,-0.16286644951140072,0.8015632344676228,0.02675788595780577,True,-155.0,7353.0
2024-05-16,206.0,340.0,214.0,7565,234.0,2024,5,3,0.6294117647058823,0.030931923331130203,2.841218053289829,0.7933675423976912,0.028268747708572708,False,-28.0,7671.0
2024-05-15,115.0,285.0,341.0,7589,265.0,2024,5,2,1.1964912280701754,0.03491896165502701,0.3172504957039024,0.859643697902733,0.030017911758408306,False,-150.0,7609.0
2024-05-14,246.0,419.0,218.0,7546,186.0,2024,5,1,0.5202863961813843,0.024648820567187913,-0.5666095664777937,0.7690543595420902,0.029211900498552913,False,60.0,7779.0
2024-05-13,112.0,331.0,167.0,7499,157.0,2024,5,0,0.5045317220543807,0.02093612481664222,-0.6228465412138839,0.7297918016202642,0.028227088328354973,False,-45.0,7673.0
2024-05-12,138.0,301.0,263.0,7464,245.0,2024,5,6,0.8737541528239202,0.03282422293676313,-0.46672889718628596,0.7823642339612841,0.030118547513038812,True,-107.0,7520.0
2024-05-09,138.0,285.0,268.0,7570,244.0,2024,5,3,0.9403508771929825,0.03223249669749009,1.4201500535905742,0.8010284317692369,0.031000528195276815,False,-106.0,7611.0
2024-05-08,167.0,374.0,205.0,7583,202.0,2024,5,2,0.5481283422459893,0.02663853356191481,0.17173051519154825,0.7447077833249593,0.029018726223736486,False,-35.0,7755.0
2024-05-07,176.0,334.0,246.0,7566,163.0,2024,5,1,0.7365269461077845,0.02154374834787206,-0.22418567849136206,0.7600099520966596,0.027677558368985323,False,13.0,7737.0
2024-05-06,173.0,337.0,211.0,7449,205.0,2024,5,0,0.6261127596439169,0.02752047254665056,-1.546391752577314,0.6785273137500513,0.026620631353502965,False,-32.0,7581.0
2024-05-05,150.0,315.0,228.0,7447,332.0,2024,5,6,0.7238095238095238,0.044581710756009134,-0.026849241508930533,0.7076020462683569,0.029468187094763145,True,-182.0,7430.0
2024-05-02,206.0,411.0,293.0,7577,194.0,2024,5,3,0.7128953771289538,0.02560380097663983,1.7456693970726578,0.7373682827075816,0.030134997974762802,False,12.0,7794.0
2024-05-01,197.0,437.0,295.0,7508,190.0,2024,5,2,0.6750572082379863,0.02530633990410229,-0.9106506532928549,0.708983004909591,0.029061014684382682,False,7.0,7755.0
2024-04-30,220.0,443.0,194.0,7431,135.0,2024,4,1,0.43792325056433407,0.018167137666532097,-1.025572722429413,0.6372076296769269,0.027051677679960112,False,85.0,7739.0
2024-04-29,140.0,292.0,255.0,7373,187.0,2024,4,0,0.8732876712328768,0.025362810253628104,-0.7805140627102691,0.6836589623893394,0.02686943149306201,False,-47.0,7478.0
2024-04-28,158.0,349.0,365.0,7298,250.0,2024,4,6,1.0458452722063036,0.034255960537133465,-1.0172250101722513,0.7278472946891279,0.028685461805813637,True,-92.0,7397.0
2024-04-25,145.0,357.0,333.0,7209,217.0,2024,4,3,0.9327731092436975,0.03010126231100014,-1.2195121951219523,0.7716559160605251,0.02905414605786358,False,-72.0,7349.0
2024-04-24,253.0,411.0,307.0,7128,154.0,2024,4,2,0.7469586374695864,0.021604938271604937,-1.1235955056179803,0.7749629322976769,0.025771749988662978,False,99.0,7385.0
2024-04-23,252.0,427.0,307.0,6967,134.0,2024,4,1,0.7189695550351288,0.019233529496196354,-2.2586980920314303,0.775830671998559,0.024861711205742484,False,118.0,7260.0
2024-04-22,176.0,424.0,251.0,6799,214.0,2024,4,0,0.5919811320754716,0.031475216943668186,-2.411367877135062,0.7639626611181998,0.025742979354251898,False,-38.0,7009.0
2024-04-21,208.0,380.0,343.0,6745,240.0,2024,4,6,0.9026315789473685,0.03558191252779837,-0.7942344462420925,0.830349565172919,0.028230804334432792,True,-32.0,6885.0
2024-04-18,144.0,322.0,258.0,6728,260.0,2024,4,3,0.8012422360248447,0.03864447086801427,-0.25203854707190887,0.8200573601432001,0.030128184422202244,False,-116.0,6790.0
2024-04-17,182.0,371.0,274.0,6725,227.0,2024,4,2,0.738544474393531,0.0337546468401487,-0.044589774078473976,0.776157246169947,0.03005656817977585,False,-45.0,6869.0
2024-04-16,219.0,392.0,205.0,6685,163.0,2024,4,1,0.5229591836734694,0.0243829468960359,-0.5947955390334547,0.7176123996599142,0.029239665977638104,False,56.0,6914.0
2024-04-15,144.0,303.0,176.0,6681,191.0,2024,4,0,0.5808580858085809,0.028588534650501422,-0.059835452505607734,0.6938837494226279,0.030237322603194745,False,-47.0,6793.0
2024-04-14,128.0,245.0,243.0,6630,290.0,2024,4,6,0.9918367346938776,0.043740573152337855,-0.7633587786259555,0.7328647750881635,0.033738328839786384,True,-162.0,6585.0
2024-04-11,183.0,221.0,220.0,6912,285.0,2024,4,3,0.995475113122172,0.04123263888888889,4.253393665158378,0.7905067723805492,0.0351322462605322,False,-102.0,6848.0
2024-04-10,117.0,244.0,142.0,6999,227.0,2024,4,2,0.5819672131147541,0.03243320474353479,1.258680555555558,0.7446975772616042,0.034682430862780264,False,-110.0,7016.0
2024-04-09,118.0,231.0,217.0,7043,130.0,2024,4,1,0.9393939393939394,0.018458043447394577,0.6286612373196165,0.7644335348857607,0.03179865551697745,False,-12.0,7144.0
2024-04-08,102.0,230.0,167.0,6988,199.0,2024,4,0,0.7260869565217392,0.02847738981110475,-0.780917222774391,0.7626538894755045,0.031044761655685454,False,-97.0,7019.0
2024-04-07,106.0,239.0,233.0,6982,279.0,2024,4,6,0.9748953974895398,0.039959896877685475,-0.08586147681740597,0.8272162057349434,0.033270040224492536,True,-173.0,6942.0
2024-04-04,95.0,226.0,152.0,7317,225.0,2024,4,3,0.672566371681416,0.03075030750307503,4.7980521340590165,0.8403173894310625,0.03357886491771734,False,-130.0,7318.0
2024-04-03,124.0,230.0,190.0,7346,163.0,2024,4,2,0.8260869565217391,0.02218894636536891,0.39633729670629503,0.8166388496921856,0.030500061091007485,False,-39.0,7413.0
2024-04-02,101.0,230.0,175.0,7340,132.0,2024,4,1,0.7608695652173914,0.017983651226158037,-0.08167710318540689,0.783123771420074,0.027178777139188797,False,-31.0,7438.0
2024-04-01,109.0,235.0,171.0,7271,172.0,2024,4,0,0.7276595744680852,0.023655618209324714,-0.940054495912801,0.8039369658991214,0.025924836205730217,False,-63.0,7334.0
2024-03-31,105.0,254.0,151.0,7257,287.0,2024,3,6,0.594488188976378,0.03954802259887006,-0.19254572961078242,0.7546647158394697,0.02893769037022671,True,-182.0,7224.0
2024-03-28,161.0,288.0,248.0,7762,360.0,2024,3,3,0.8611111111111112,0.04637979902087091,6.958798401543342,0.7739538807808087,0.03149517740019331,False,-199.0,7690.0
2024-03-27,129.0,287.0,185.0,7893,215.0,2024,3,2,0.6445993031358885,0.027239325985050043,1.687709353259459,0.7267687244445727,0.02967795298695967,False,-86.0,7965.0
2024-03-26,187.0,276.0,200.0,7919,208.0,2024,3,1,0.7246376811594203,0.02626594266952898,0.3294058026099167,0.7342074829414305,0.029037329439310235,False,-21.0,7987.0
2024-03-25,128.0,242.0,224.0,7899,229.0,2024,3,0,0.9256198347107438,0.028991011520445625,-0.25255714105316684,0.7484264655398597,0.030009053032892623,False,-101.0,7912.0
2024-03-24,124.0,264.0,221.0,7899,373.0,2024,3,6,0.8371212121212122,0.04722116723635903,0.0,0.7593195579546912,0.034185841034349906,True,-249.0,7790.0
2024-03-21,132.0,261.0,141.0,8292,235.0,2024,3,3,0.5402298850574713,0.028340569223347805,4.9753133308013675,0.7325438880388894,0.03485511975063892,False,-103.0,8318.0
2024-03-20,91.0,181.0,174.0,8365,227.0,2024,3,2,0.9613259668508287,0.02713687985654513,0.8803666184274084,0.7849492848780966,0.033082099358878216,False,-136.0,8319.0
2024-03-19,99.0,202.0,256.0,8390,197.0,2024,3,1,1.2673267326732673,0.023480333730631704,0.2988643156007109,0.8429800879584046,0.02981074717455833,False,-98.0,8395.0
2024-03-18,123.0,243.0,188.0,8333,283.0,2024,3,0,0.7736625514403292,0.033961358454338175,-0.6793802145411254,0.861417694859039,0.03077103752731378,False,-160.0,8293.0
2024-03-17,127.0,260.0,259.0,8373,342.0,2024,3,6,0.9961538461538462,0.04084557506270154,0.4800192007680337,0.9002057184296712,0.03285384215490986,True,-215.0,8291.0
2024-03-14,166.0,301.0,252.0,8695,310.0,2024,3,3,0.8372093023255814,0.03565267395054629,3.8456944942075744,0.887575642374648,0.033805508216352816,False,-144.0,8686.0
2024-03-13,165.0,358.0,167.0,8819,239.0,2024,3,2,0.4664804469273743,0.027100578296859055,1.4261069580218555,0.8346269616326712,0.030931138367852818,False,-74.0,8938.0
2024-03-12,154.0,294.0,290.0,8843,213.0,2024,3,1,0.9863945578231292,0.02408684835463078,0.27213969837849294,0.8983647720277652,0.030323463958036097,False,-59.0,8924.0
2024-03-11,178.0,336.0,290.0,8757,253.0,2024,3,0,0.8630952380952381,0.02889117277606486,-0.9725206377926066,0.8843318107769667,0.0305740772322532,False,-75.0,8840.0
2024-03-10,190.0,368.0,326.0,8714,373.0,2024,3,6,0.8858695652173914,0.04280468212072527,-0.4910357428343004,0.8298379297118413,0.03333469843083799,True,-183.0,8709.0
2024-03-07,181.0,424.0,328.0,8902,305.0,2024,3,3,0.7735849056603774,0.03426196360368457,2.157447785173283,0.8298268374575626,0.033377642023601765,False,-124.0,9021.0
2024-03-06,230.0,457.0,277.0,8870,232.0,2024,3,2,0.6061269146608315,0.026155580608793687,-0.3594697820714421,0.774108704387132,0.031279071387329216,False,-2.0,9095.0
2024-03-05,246.0,472.0,345.0,8800,214.0,2024,3,1,0.7309322033898306,0.02431818181818182,-0.7891770011273946,0.7589262616820246,0.02965985822556286,False,32.0,9058.0
2024-03-04,225.0,509.0,340.0,8660,229.0,2024,3,0,0.6679764243614931,0.02644341801385681,-1.5909090909090873,0.7877114013154702,0.029565978185133974,False,-4.0,8940.0
2024-03-03,236.0,468.0,347.0,8594,354.0,2024,3,6,0.7414529914529915,0.04119152897370258,-0.762124711316392,0.752719748976879,0.03200950398785852,True,-118.0,8708.0
2024-02-29,262.0,444.0,354.0,8724,299.0,2024,2,3,0.7972972972972973,0.03427326914259514,1.5126832673958646,0.7433200431486019,0.03277837489736284,False,-37.0,8869.0
2024-02-28,209.0,447.0,274.0,8699,257.0,2024,2,2,0.6129753914988815,0.02954362570410392,-0.28656579550664363,0.7043351611888147,0.030883938266416933,False,-48.0,8889.0
2024-02-27,197.0,369.0,306.0,8650,206.0,2024,2,1,0.8292682926829268,0.023815028901734103,-0.5632831359926427,0.7122899307634646,0.02939151902328115,False,-9.0,8813.0
2024-02-26,199.0,438.0,326.0,8404,329.0,2024,2,0,0.7442922374429224,0.03914802475011899,-2.8439306358381544,0.732027834018049,0.03124758247204191,False,-130.0,8513.0
2024-02-25,244.0,482.0,366.0,8404,329.0,2024,2,6,0.7593360995850622,0.03914802475011899,0.0,0.7360855334745107,0.03336613146231865,True,-85.0,8557.0
2024-02-22,165.0,400.0,292.0,8607,293.0,2024,2,3,0.73,0.0340420587893575,2.4155164207520174,0.7449460442800115,0.034451651573104466,False,-128.0,8714.0
2024-02-21,232.0,430.0,318.0,8573,231.0,2024,2,2,0.7395348837209302,0.026945060072320073,-0.3950273033577312,0.7446720288897171,0.032416441730049816,False,1.0,8772.0
2024-02-20,149.0,395.0,273.0,8488,192.0,2024,2,1,0.6911392405063291,0.022620169651272386,-0.9914848944360233,0.7295065922052931,0.03075171323128942,False,-43.0,8691.0
2024-02-19,249.0,420.0,371.0,8380,218.0,2024,2,0,0.8833333333333333,0.026014319809069212,-1.2723845428840752,0.7681291553245007,0.030247526674855894,False,31.0,8582.0
2024-02-15,333.0,508.0,272.0,8463,312.0,2024,2,3,0.5354330708661418,0.03686635944700461,0.9904534606205218,0.7261526950649599,0.032112002467037395,False,21.0,8659.0
2024-02-14,185.0,322.0,272.0,8512,230.0,2024,2,2,0.84472049689441,0.027020676691729324,0.5789909015715411,0.7404995892723152,0.03037952417298173,False,-45.0,8604.0
2024-02-13,227.0,369.0,349.0,8348,160.0,2024,2,1,0.94579945799458,0.019166267369429803,-1.9266917293233043,0.7671372119022463,0.027524987404311845,False,67.0,8557.0
2024-02-12,213.0,430.0,440.0,8092,234.0,2024,2,0,1.0232558139534884,0.028917449332674247,-3.0666027791087735,0.8090308996098876,0.02679290033907138,False,-21.0,8288.0
2024-02-11,205.0,515.0,226.0,8056,347.0,2024,2,6,0.4388349514563107,0.04307348560079444,-0.44488383588729974,0.7660737664292275,0.029096961128853432,True,-142.0,8224.0
2024-02-08,298.0,499.0,358.0,8188,315.0,2024,2,3,0.717434869739479,0.03847093307278945,1.638530287984108,0.7698302848911062,0.03136135590335587,False,-17.0,8372.0
2024-02-07,227.0,453.0,330.0,8160,222.0,2024,2,2,0.7284768211920529,0.027205882352941177,-0.34196384953590897,0.7477079260137803,0.031531579123909005,False,5.0,8391.0
2024-02-06,291.0,455.0,323.0,8045,178.0,2024,2,1,0.7098901098901099,0.022125543816034803,-1.409313725490191,0.7726303601600615,0.02942574831948475,False,113.0,8322.0
2024-02-05,157.0,466.0,345.0,7872,242.0,2024,2,0,0.740343347639485,0.030741869918699188,-2.1504039776258588,0.7577193388379294,0.029957347351909015,False,-85.0,8096.0
2024-02-04,253.0,531.0,248.0,7813,342.0,2024,2,6,0.4670433145009416,0.04377319851529502,-0.7494918699186948,0.6893256040531239,0.03347262322988976,True,-89.0,8002.0
2024-02-01,222.0,459.0,289.0,8026,337.0,2024,2,3,0.6296296296296297,0.04198853725392474,2.7262255215666276,0.6330932920068584,0.03533992150435412,False,-115.0,8148.0
2024-01-31,203.0,477.0,258.0,8153,266.0,2024,1,2,0.5408805031446541,0.03262602722924077,1.5823573386493983,0.647671227962336,0.03384742745127502,False,-63.0,8364.0
2024-01-30,93.0,198.0,208.0,8182,187.0,2024,1,1,1.0505050505050506,0.02285504766560743,0.35569728934135014,0.6952526823574177,0.031616586678820446,False,-94.0,8193.0
2024-01-29,137.0,272.0,166.0,8057,195.0,2024,1,0,0.6102941176470589,0.024202556782921682,-1.5277438279149402,0.6783694389938472,0.031187540168817664,False,-58.0,8134.0
2024-01-28,120.0,257.0,126.0,8004,307.0,2024,1,6,0.490272373540856,0.03835582208895552,-0.6578130817922356,0.6469954766582394,0.033506151350663475,True,-187.0,7954.0
2024-01-25,102.0,189.0,155.0,8180,293.0,2024,1,3,0.8201058201058201,0.03581907090464548,2.1989005497251357,0.6583901155820016,0.03423146577722724,False,-191.0,8076.0
2024-01-24,90.0,196.0,205.0,8212,243.0,2024,1,2,1.0459183673469388,0.02959084266926449,0.3911980440097773,0.7410865517028584,0.03220541494208002,False,-153.0,8165.0
2024-01-23,128.0,228.0,177.0,8133,202.0,2024,1,1,0.7763157894736842,0.024837083487028157,-0.9620068192888409,0.7620417173948661,0.02975520726109479,False,-74.0,8159.0
2024-01-22,136.0,246.0,123.0,8008,222.0,2024,1,0,0.5,0.027722277722277724,-1.536948235583424,0.7562016455170584,0.029054671617242928,False,-86.0,8032.0
2024-01-21,105.0,185.0,158.0,7974,371.0,2024,1,6,0.8540540540540541,0.04652621018309506,-0.4245754245754241,0.7281372174526304,0.0324362662625983,True,-266.0,7788.0
2024-01-18,116.0,188.0,164.0,8042,359.0,2024,1,3,0.8723404255319149,0.044640636657547875,0.8527715073990416,0.765572404293324,0.03535599195897347,False,-243.0,7871.0
2024-01-17,80.0,176.0,125.0,8072,353.0,2024,1,2,0.7102272727272727,0.04373141724479683,0.37304153195723,0.7969945327485265,0.036123934124093655,False,-273.0,7895.0
2024-01-16,32.0,49.0,39.0,8133,188.0,2024,1,1,0.7959183673469388,0.02311570146317472,0.7556987115956426,0.7935391823544004,0.03430916706102641,False,-156.0,7994.0
2024-01-15,33.0,53.0,34.0,8033,234.0,2024,1,0,0.6415094339622641,0.029129839412423753,-1.2295585884667393,0.7357664775851612,0.0342433094529063,False,-201.0,7852.0
2024-01-11,29.0,51.0,11.0,8829,476.0,2024,1,3,0.21568627450980393,0.053913240457582966,9.909124859952701,0.6556765468760355,0.03839704616298556,False,-447.0,8404.0
2024-01-10,91.0,75.0,97.0,9144,349.0,2024,1,2,1.2933333333333332,0.038167104111986004,3.567787971457692,0.7690098802093688,0.03988916421865817,False,-258.0,8870.0
2024-01-09,62.0,97.0,52.0,9311,286.0,2024,1,1,0.5360824742268041,0.030716356997100205,1.8263342082239786,0.723585368805476,0.037630613763516056,False,-224.0,9122.0
2024-01-08,59.0,64.0,117.0,9670,367.0,2024,1,0,1.828125,0.03795243019648397,3.855654602083547,0.8601260223009167,0.03667515569764978,False,-308.0,9367.0
2024-01-07,84.0,118.0,136.0,9670,367.0,2024,1,6,1.152542372881356,0.03795243019648397,0.0,0.9233138937515,0.03584958611931937,True,-283.0,9421.0
2024-01-04,86.0,152.0,168.0,10558,362.0,2024,1,3,1.105263157894737,0.03428679674180716,9.183040330920367,0.9675060066868998,0.03744545687340972,False,-276.0,10348.0
2024-01-03,106.0,196.0,131.0,10718,263.0,2024,1,2,0.6683673469387755,0.02453816010449711,1.5154385300246265,0.97134285139783,0.03678950268656305,False,-157.0,10651.0
2024-01-02,113.0,162.0,107.0,10770,316.0,2024,1,1,0.6604938271604939,0.02934076137418756,0.48516514275052103,1.0348867874907857,0.033279148531792285,False,-203.0,10616.0
2024-01-01,92.0,124.0,93.0,10870,290.0,2024,1,0,0.75,0.02667893284268629,0.9285051067780881,0.9572677398717381,0.031637981207606615,False,-198.0,10704.0
2023-12-28,68.0,107.0,102.0,11230,357.0,2023,12,3,0.9532710280373832,0.031789848619768475,3.311867525298995,1.0168661047018208,0.031791337153702075,False,-289.0,10980.0
2023-12-27,74.0,103.0,80.0,11206,335.0,2023,12,2,0.7766990291262136,0.029894699268249152,-0.21371326803205637,0.8666623945769942,0.030640232735382817,False,-261.0,10974.0
2023-12-26,56.0,82.0,68.0,11217,288.0,2023,12,1,0.8292682926829268,0.025675314255148435,0.09816169908978267,0.8204803831200758,0.028886359029477737,False,-232.0,11011.0
2023-12-25,90.0,196.0,205.0,11144,347.0,2023,12,0,1.0459183673469388,0.031137832017229004,-0.6507978960506366,0.8120025558989615,0.028436506925966578,False,-257.0,10993.0
2023-12-21,128.0,228.0,177.0,11375,497.0,2023,12,3,0.7763157894736842,0.04369230769230769,2.072864321608048,0.8274237619753773,0.03117281372422523,False,-369.0,11106.0
2023-12-20,136.0,246.0,123.0,11516,390.0,2023,12,2,0.5,0.033865925668634944,1.2395604395604387,0.8044960723810209,0.03181926576628914,False,-254.0,11372.0
2023-12-19,105.0,185.0,158.0,11291,272.0,2023,12,1,0.8540540540540541,0.024089983172438226,-1.9538034039597085,0.8193609372458859,0.03144941581339656,False,-167.0,11204.0
2023-12-18,116.0,188.0,164.0,11149,364.0,2023,12,0,0.8723404255319149,0.03264866804197686,-1.257638827384644,0.8077994226022476,0.03157210430228347,False,-248.0,10973.0
2023-12-17,80.0,176.0,125.0,11092,456.0,2023,12,6,0.7102272727272727,0.04111071042192571,-0.5112566149430453,0.7983034574023987,0.03317439160995155,True,-376.0,10812.0
2023-12-14,150.0,157.0,201.0,11242,396.0,2023,12,3,1.2802547770700636,0.03522504892367906,1.3523260007212379,0.8627300980291326,0.03453863941974165,False,-246.0,11003.0
2023-12-13,116.0,181.0,182.0,11192,335.0,2023,12,2,1.0055248618784531,0.029932094353109364,-0.4447607187333169,0.8569595972479203,0.034366391182010264,False,-219.0,11038.0
2023-12-12,141.0,173.0,129.0,11077,259.0,2023,12,1,0.7456647398843931,0.02338178207095784,-1.0275196568977796,0.8525808758780216,0.03146488752181743,False,-118.0,10991.0
2023-12-11,96.0,160.0,233.0,10998,304.0,2023,12,0,1.45625,0.027641389343517002,-0.7131894917396409,0.9891880187351644,0.03057566804680058,False,-208.0,10854.0
2023-12-10,158.0,226.0,191.0,10871,411.0,2023,12,6,0.8451327433628318,0.03780700947474933,-1.1547554100745594,0.9879135457792757,0.03253524323284502,True,-253.0,10686.0
2023-12-07,141.0,232.0,188.0,10897,466.0,2023,12,3,0.8103448275862069,0.04276406350371662,0.23916842976727803,0.9790570317870317,0.03398029972737927,False,-325.0,10663.0
2023-12-06,123.0,233.0,159.0,10832,376.0,2023,12,2,0.6824034334763949,0.03471196454948301,-0.5964944480132184,0.9750821976083347,0.03306619317417318,False,-253.0,10689.0
2023-12-05,123.0,230.0,167.0,10761,261.0,2023,12,1,0.7260869565217392,0.024254251463618624,-0.6554652880354506,0.8959153661014313,0.03149893639416454,False,-138.0,10730.0
2023-12-04,174.0,208.0,256.0,10635,273.0,2023,12,0,1.2307692307692308,0.025669957686882933,-1.1708948982436573,0.9280931330858282,0.030890059727560763,False,-99.0,10570.0
2023-12-03,132.0,235.0,197.0,10579,417.0,2023,12,6,0.8382978723404255,0.039417714339729654,-0.5265632346027282,0.9413264377224042,0.03318090719452817,True,-285.0,10397.0
2023-11-30,92.0,124.0,93.0,10536,320.0,2023,11,3,0.75,0.030372057706909643,-0.40646563947442926,0.840433580579547,0.03357100267501283,False,-228.0,10340.0
2023-11-29,68.0,107.0,102.0,10398,284.0,2023,11,2,0.9532710280373832,0.027312944797076362,-1.3097949886104798,0.8558819069616258,0.0320718505782024,False,-216.0,10221.0
2023-11-28,74.0,103.0,80.0,10223,223.0,2023,11,1,0.7766990291262136,0.021813557664090776,-1.6830159646085807,0.8510753643244838,0.029078921172541572,False,-149.0,10103.0
2023-11-27,56.0,82.0,68.0,10123,214.0,2023,11,0,0.8292682926829268,0.02113997826731206,-0.9781864423359043,0.8720560584968456,0.027140065989374296,False,-158.0,9991.0
2023-11-26,90.0,196.0,205.0,9845,312.0,2023,11,6,1.0459183673469388,0.031691213814118845,-2.746221475847077,0.9177462600433027,0.0282024891823029,True,-222.0,9729.0
2023-11-23,128.0,228.0,177.0,9838,283.0,2023,11,3,0.7763157894736842,0.028766009351494207,-0.07110208227526504,0.8528243398582246,0.028644782277247368,False,-155.0,9783.0
2023-11-21,136.0,246.0,123.0,9804,250.0,2023,11,1,0.5,0.025499796001631988,-0.3455986989225446,0.8044960723810209,0.0266565082289477,False,-114.0,9800.0
2023-11-20,105.0,185.0,158.0,9638,298.0,2023,11,0,0.8540540540540541,0.03091927785847686,-1.6931864545083664,0.8193609372458859,0.026734682536314443,False,-193.0,9525.0
2023-11-19,116.0,188.0,164.0,9573,435.0,2023,11,6,0.8723404255319149,0.04544030084612974,-0.6744137787922821,0.8077994226022476,0.029324304829036352,True,-319.0,9326.0
2023-11-16,80.0,176.0,125.0,9762,374.0,2023,11,3,0.7102272727272727,0.03831182134808441,1.9743027264180535,0.7983034574023989,0.03168119964103545,False,-294.0,9564.0
2023-11-15,150.0,157.0,201.0,9762,316.0,2023,11,2,1.2802547770700636,0.03237041589838148,0.0,0.8627300980291326,0.03328554787404536,False,-166.0,9603.0
2023-11-14,116.0,181.0,182.0,9665,247.0,2023,11,1,1.0055248618784531,0.025556130367304707,-0.993648842450312,0.8569595972479203,0.03240910738164334,False,-131.0,9599.0
2023-11-13,141.0,173.0,129.0,9510,287.0,2023,11,0,0.7456647398843931,0.030178759200841218,-1.6037247801345078,0.8525808758780216,0.032610928788692914,False,-146.0,9396.0
2023-11-12,96.0,160.0,233.0,9477,313.0,2023,11,6,1.45625,0.03302732932362562,-0.34700315457413256,0.9891880187351644,0.03368629069183486,True,-217.0,9324.0
2023-11-08,158.0,226.0,191.0,9634,310.0,2023,11,2,0.8451327433628318,0.03217770396512352,1.6566423973831457,0.9879135457792757,0.03386606584992725,False,-152.0,9550.0
2023-11-07,141.0,232.0,188.0,9483,231.0,2023,11,1,0.8103448275862069,0.024359379943055995,-1.567365580236657,0.9790570317870317,0.03085450572091671,False,-90.0,9484.0
2023-11-06,123.0,233.0,159.0,9286,316.0,2023,11,0,0.6824034334763949,0.034029722162395006,-2.0774016661394112,0.9750821976083347,0.030242777265818224,False,-193.0,9203.0
2023-11-05,123.0,230.0,167.0,9273,370.0,2023,11,6,0.7260869565217392,0.039900787231748086,-0.13999569244023125,0.8959153661014313,0.031318544599156305,True,-247.0,9133.0
2023-11-02,174.0,208.0,256.0,9442,330.0,2023,11,3,1.2307692307692308,0.03495022241050625,1.8224954168014618,0.9280931330858282,0.0326605577481851,False,-156.0,9320.0
2023-11-01,132.0,235.0,197.0,9250,279.0,2023,11,2,0.8382978723404255,0.03016216216216216,-2.0334674857021784,0.9413264377224042,0.03265818674265952,False,-147.0,9206.0
2023-10-31,33.0,53.0,34.0,9072,295.0,2023,10,1,0.6415094339622641,0.03251763668430335,-1.9243243243243224,0.8249349282884418,0.03258537350847063,False,-262.0,8830.0
2023-10-30,29.0,51.0,11.0,9026,278.0,2023,10,0,0.21568627450980393,0.030799911367161533,-0.507054673721341,0.7350140041665808,0.032388545994476055,False,-249.0,8799.0
2023-10-29,91.0,75.0,97.0,8925,418.0,2023,10,6,1.2933333333333332,0.046834733893557426,-1.1189895856414833,0.8040123621304559,0.03559931084454769,True,-327.0,8582.0
2023-10-26,62.0,97.0,52.0,9235,390.0,2023,10,3,0.5360824742268041,0.04223064428803465,3.473389355742307,0.7831093679519431,0.03677087114821049,False,-328.0,8942.0
2023-10-25,59.0,64.0,117.0,9351,293.0,2023,10,2,1.828125,0.03133354721420169,1.2560909583107849,0.9405433741631232,0.035546979717132436,False,-234.0,9122.0
2023-10-24,84.0,118.0,136.0,9396,300.0,2023,10,1,1.152542372881356,0.031928480204342274,0.4812319538017418,0.9293681087505696,0.03511530225910901,False,-216.0,9214.0
2023-10-23,86.0,152.0,168.0,9436,327.0,2023,10,0,1.105263157894737,0.03465451462484104,0.42571306939123144,0.9675060066868998,0.03575706689663456,False,-241.0,9261.0
2023-10-22,106.0,196.0,131.0,9506,454.0,2023,10,6,0.6683673469387755,0.047759309909530825,0.7418397626112849,0.9713428513978298,0.03793444878595277,True,-348.0,9248.0
2023-10-19,113.0,162.0,107.0,10319,406.0,2023,10,3,0.6604938271604939,0.03934489776141099,8.552493162213338,1.0348867874907859,0.03915516112798841,False,-293.0,10075.0
2023-10-18,92.0,124.0,93.0,10511,393.0,2023,10,2,0.75,0.037389401579297876,1.860645411377071,0.9572677398717381,0.03780582794023705,False,-301.0,10242.0
2023-10-17,68.0,107.0,102.0,10630,315.0,2023,10,1,0.9532710280373832,0.029633113828786452,1.1321472742840788,1.0168661047018208,0.03600618073177302,False,-247.0,10422.0
2023-10-16,74.0,103.0,80.0,10629,331.0,2023,10,0,0.7766990291262136,0.031141217424028603,-0.009407337723421616,0.8666623945769941,0.03597870504746258,False,-257.0,10401.0
2023-10-15,56.0,82.0,68.0,10571,434.0,2023,10,6,0.8292682926829268,0.04105571847507331,-0.545676921629501,0.8204803831200757,0.03728259622899559,True,-378.0,10219.0
2023-10-12,38.0,80.0,82.0,10992,398.0,2023,10,3,1.025,0.03620815138282387,3.9825938889414436,0.8090142177065419,0.037504544337278845,False,-360.0,10674.0
2023-10-11,65.0,83.0,65.0,10960,266.0,2023,10,2,0.7831325301204819,0.02427007299270073,-0.29112081513827937,0.8254092438753571,0.034148939063445974,False,-201.0,10777.0
2023-10-10,41.0,60.0,71.0,10910,257.0,2023,10,1,1.1833333333333333,0.023556370302474795,-0.45620437956204185,0.9001006019000484,0.031893435140740806,False,-216.0,10713.0
2023-10-09,43.0,73.0,64.0,10815,282.0,2023,10,0,0.8767123287671232,0.0260748959778086,-0.8707607699358411,0.9182023631524946,0.03027707719767091,False,-239.0,10606.0
2023-10-05,35.0,70.0,53.0,11130,427.0,2023,10,3,0.7571428571428571,0.038364779874213835,2.9126213592232997,0.890184053024705,0.03152445806130339,False,-392.0,10773.0
2023-10-04,25.0,66.0,94.0,10963,330.0,2023,10,2,1.4242424242424243,0.030101249657940345,-1.5004492362982957,0.982690252327021,0.031375891237576496,False,-305.0,10699.0
2023-10-03,99.0,156.0,139.0,10818,287.0,2023,10,1,0.8910256410256411,0.026529857644666296,-1.3226306667882826,0.9915127306616945,0.029300768261804066,False,-188.0,10687.0
2023-10-02,107.0,170.0,133.0,10724,284.0,2023,10,0,0.7823529411764706,0.02648265572547557,-0.8689221667591007,0.956848865115476,0.027911411739325737,False,-177.0,10610.0
2023-10-01,80.0,122.0,152.0,10598,493.0,2023,10,6,1.2459016393442623,0.046518210983204376,-1.1749347258485643,1.0229587378617302,0.031089717166540548,True,-413.0,10227.0
2023-09-28,57.0,162.0,193.0,10984,447.0,2023,9,3,1.191358024691358,0.040695557174071376,3.642196640875639,1.0241051223414481,0.03353817243391148,False,-390.0,10699.0
2023-09-27,161.0,304.0,211.0,11017,331.0,2023,9,2,0.694078947368421,0.030044476717799765,0.30043699927166934,0.9980146392844907,0.03410525539676736,False,-170.0,10990.0
2023-09-26,205.0,294.0,177.0,10978,332.0,2023,9,1,0.6020408163265306,0.03024230278739297,-0.3539983661613899,0.9758572048821582,0.03294490152722153,False,-127.0,10940.0
2023-09-25,100.0,255.0,236.0,10842,284.0,2023,9,0,0.9254901960784314,0.026194429072126914,-1.2388413190016379,0.9046068865730164,0.032386784300676756,False,-184.0,10813.0
2023-09-24,269.0,412.0,204.0,10744,403.0,2023,9,6,0.49514563106796117,0.03750930752047654,-0.9038922707987451,0.8480525994362049,0.03395527714007822,True,-134.0,10753.0
2023-09-21,168.0,285.0,210.0,11067,428.0,2023,9,3,0.7368421052631579,0.03867353392970091,3.0063291139240444,0.841551051448589,0.03569683116925326,False,-260.0,10924.0
2023-09-20,187.0,310.0,247.0,11064,364.0,2023,9,2,0.7967741935483871,0.03289949385394071,-0.02710761724044053,0.7773899877634639,0.03375130015078703,False,-177.0,11010.0
2023-09-19,133.0,287.0,189.0,11095,260.0,2023,9,1,0.6585365853658537,0.023433979269941414,0.28018799710773923,0.7012726392883918,0.03128536045019704,False,-127.0,11122.0
2023-09-18,180.0,337.0,219.0,10892,313.0,2023,9,0,0.6498516320474778,0.028736687477047374,-1.8296529968454212,0.6949544513853999,0.03109853341580383,False,-133.0,10916.0
2023-09-17,153.0,253.0,286.0,10799,427.0,2023,9,6,1.1304347826086956,0.03954069821279748,-0.853837679030478,0.7704393037114234,0.03242687561943305,True,-274.0,10625.0
2023-09-14,209.0,353.0,232.0,10837,414.0,2023,9,3,0.6572237960339944,0.038202454553843315,0.35188443374385425,0.732115532276504,0.03414230783110682,False,-205.0,10776.0
2023-09-13,167.0,326.0,213.0,10678,343.0,2023,9,2,0.6533742331288344,0.03212212024723731,-1.4671957183722384,0.7547196182852002,0.0333727096492155,False,-176.0,10661.0
2023-09-12,224.0,315.0,152.0,10649,316.0,2023,9,1,0.48253968253968255,0.02967414780730585,-0.27158643940813354,0.718390700753275,0.03208708306030192,False,-92.0,10648.0
2023-09-11,132.0,243.0,183.0,10492,277.0,2023,9,0,0.7530864197530864,0.02640106747998475,-1.4743168372617133,0.7121495902110893,0.031158736435451067,False,-145.0,10458.0
2023-09-10,218.0,283.0,208.0,10282,382.0,2023,9,6,0.734982332155477,0.03715230499902743,-2.0015249714067873,0.7230704111810354,0.033118497253891925,True,-164.0,10183.0
2023-09-07,118.0,245.0,160.0,10419,398.0,2023,9,3,0.6530612244897959,0.03819944332469527,1.3324255981326694,0.7235289243870808,0.03447031951784163,False,-280.0,10266.0
2023-09-06,81.0,230.0,242.0,10356,291.0,2023,9,2,1.0521739130434782,0.02809965237543453,-0.6046645551396446,0.7123488001634783,0.03283588439821835,False,-210.0,10295.0
2023-09-05,236.0,330.0,222.0,10142,243.0,2023,9,1,0.6727272727272727,0.023959771248274503,-2.06643491695635,0.7145635825482325,0.030801215354565658,False,-7.0,10229.0
2023-09-04,196.0,306.0,187.0,9988,293.0,2023,9,0,0.6111111111111112,0.02933520224269123,-1.5184381778741818,0.7085259936885577,0.03040308421105908,False,-97.0,10001.0
2023-08-31,113.0,280.0,237.0,10140,505.0,2023,8,3,0.8464285714285714,0.04980276134122288,1.5218261914297093,0.7605101206726849,0.03327860043019008,False,-392.0,9915.0
2023-08-30,239.0,367.0,224.0,10280,366.0,2023,8,2,0.6103542234332425,0.035603112840466924,1.3806706114398493,0.740119806912707,0.034593178338830397,False,-127.0,10281.0
2023-08-29,152.0,272.0,214.0,10180,286.0,2023,8,1,0.7867647058823529,0.028094302554027506,-0.9727626459143934,0.7475172888736893,0.03329917798954469,False,-134.0,10166.0
2023-08-28,170.0,297.0,196.0,10012,388.0,2023,8,0,0.6599326599326599,0.03875349580503396,-1.6502946954813358,0.7484989225083841,0.03337832834387879,False,-218.0,9921.0
2023-08-27,191.0,283.0,192.0,9873,488.0,2023,8,6,0.6784452296819788,0.049427732198926363,-1.3883339992009636,0.6951091105995985,0.03642519689009192,True,-297.0,9668.0
2023-08-24,109.0,214.0,173.0,10026,443.0,2023,8,3,0.8084112149532711,0.044185118691402354,1.5496809480401108,0.7144925309175983,0.039314532239110175,False,-334.0,9797.0
2023-08-23,155.0,212.0,181.0,10071,285.0,2023,8,2,0.8537735849056604,0.02829907655644921,0.4488330341113178,0.7491585986025339,0.039166514283932745,False,-130.0,9998.0
2023-08-22,119.0,209.0,152.0,9921,230.0,2023,8,1,0.7272727272727273,0.023183146860195545,-1.489425081918383,0.7321363351516991,0.03536371221521455,False,-111.0,9900.0
2023-08-21,143.0,203.0,163.0,9668,281.0,2023,8,0,0.8029556650246306,0.029064956557716178,-2.550146154621513,0.7596508268076116,0.03442968988910731,False,-138.0,9590.0
2023-08-20,105.0,210.0,149.0,9483,390.0,2023,8,6,0.7095238095238096,0.041126225877886745,-1.9135291683905709,0.7486164130421054,0.036291393221087195,True,-285.0,9303.0
2023-08-17,119.0,219.0,210.0,9694,407.0,2023,8,3,0.958904109589041,0.04198473282442748,2.2250342718548977,0.7913266201358741,0.036752998509571984,False,-288.0,9506.0
2023-08-16,148.0,245.0,175.0,9634,288.0,2023,8,2,0.7142857142857143,0.029894124974050237,-0.618939550237263,0.7964466893649792,0.03396248319173254,False,-140.0,9591.0
2023-08-10,142.0,235.0,139.0,8914,353.0,2023,8,3,0.5914893617021276,0.03960062822526363,-7.4735312435125545,0.7654578531862443,0.033307555982284145,False,-211.0,8796.0
2023-08-09,118.0,139.0,168.0,8888,251.0,2023,8,2,1.20863309352518,0.02824032403240324,-0.2916760152569031,0.8161520687033186,0.033299162764563295,False,-133.0,8776.0
2023-08-08,125.0,232.0,192.0,8725,207.0,2023,8,1,0.8275862068965517,0.02372492836676218,-1.8339333933393376,0.8304825657924363,0.03337656012264424,False,-82.0,8750.0
2023-08-07,156.0,256.0,176.0,8493,202.0,2023,8,0,0.6875,0.023784292947132933,-2.6590257879656187,0.8139888993603464,0.03262217960684664,False,-46.0,8547.0
2023-08-06,109.0,245.0,159.0,8298,322.0,2023,8,6,0.6489795918367347,0.03880453121234032,-2.2960084775697664,0.8053397254050499,0.03229050894034001,True,-213.0,8221.0
2023-08-03,167.0,209.0,157.0,8294,339.0,2023,8,3,0.7511961722488039,0.04087292018326501,-0.048204386599182136,0.7756671629278732,0.03213167856303108,False,-172.0,8164.0
2023-08-02,84.0,171.0,157.0,8261,271.0,2023,8,2,0.9181286549707602,0.03280474518823387,-0.3978779840848823,0.8047875830257369,0.0325474814507716,False,-187.0,8161.0
2023-08-01,87.0,246.0,173.0,8103,168.0,2023,8,1,0.7032520325203252,0.02073306182895224,-1.9126013799782071,0.8207536788569081,0.029852114822727115,False,-81.0,8181.0
2023-07-31,136.0,276.0,178.0,7800,220.0,2023,7,0,0.644927536231884,0.028205128205128206,-3.739355794150312,0.7402243135292943,0.02984708684740211,False,-84.0,7856.0
2023-07-30,166.0,277.0,229.0,7671,305.0,2023,7,6,0.8267148014440433,0.03976013557554426,-1.6538461538461502,0.7400998270360788,0.03213783073437098,True,-139.0,7643.0
2023-07-27,110.0,272.0,193.0,7754,259.0,2023,7,3,0.7095588235294118,0.03340211503740005,1.0819971320557897,0.7432510875402805,0.033511805318694854,False,-149.0,7767.0
2023-07-26,202.0,313.0,158.0,7647,215.0,2023,7,2,0.5047923322683706,0.028115600889237608,-1.379932937838535,0.7226529076019428,0.03198481527253732,False,-13.0,7745.0
2023-07-25,134.0,294.0,186.0,7510,136.0,2023,7,1,0.6326530612244898,0.018109187749667112,-1.7915522427095598,0.7057181774556122,0.02873285349630905,False,-2.0,7668.0
2023-07-24,180.0,280.0,146.0,7220,187.0,2023,7,0,0.5214285714285715,0.025900277008310248,-3.8615179760319585,0.6490467369495851,0.027746500899177105,False,-7.0,7313.0
2023-07-23,108.0,220.0,213.0,7052,276.0,2023,7,6,0.9681818181818181,0.039137833238797506,-2.3268698060941784,0.6868938491869414,0.030375753957726428,True,-168.0,6996.0
2023-07-20,147.0,276.0,214.0,7116,281.0,2023,7,3,0.7753623188405797,0.0394884766722878,0.9075439591605283,0.7055273895596121,0.031987660881606365,False,-134.0,7111.0
2023-07-19,104.0,230.0,206.0,7001,226.0,2023,7,2,0.8956521739130435,0.03228110269961434,-1.6160764474423828,0.7153755856266122,0.03091922761361638,False,-122.0,7005.0
2023-07-18,174.0,285.0,150.0,6874,181.0,2023,7,1,0.5263157894736842,0.026331102705848125,-1.814026567633198,0.6891980093329367,0.02990908299482325,False,-7.0,6978.0
2023-07-17,113.0,208.0,159.0,6632,160.0,2023,7,0,0.7644230769230769,0.024125452352231604,-3.5205120744835616,0.7262881157121805,0.029339061775250964,False,-47.0,6680.0
2023-07-16,88.0,214.0,160.0,6468,218.0,2023,7,6,0.7476635514018691,0.03370439084724799,-2.4728588661037443,0.7427181857375205,0.031566947932048235,True,-130.0,6464.0
2023-07-13,130.0,227.0,192.0,6604,226.0,2023,7,3,0.8458149779735683,0.03422168382798304,2.1026592455163806,0.7890591009582343,0.03275572033485863,False,-96.0,6605.0
2023-07-12,84.0,158.0,193.0,6521,210.0,2023,7,2,1.2215189873417722,0.032203649746971326,-1.2568140520896387,0.8252501251239419,0.031765122693169175,False,-126.0,6469.0
2023-07-11,115.0,216.0,169.0,6498,143.0,2023,7,1,0.7824074074074074,0.02200677131425054,-0.3527066400858758,0.8262565663477746,0.029267736213449563,False,-28.0,6571.0
2023-07-10,167.0,239.0,166.0,6346,163.0,2023,7,0,0.694560669456067,0.025685471162937283,-2.3391812865497075,0.7975292085682064,0.028325503136781414,False,4.0,6422.0
2023-07-09,99.0,190.0,176.0,6214,196.0,2023,7,6,0.9263157894736842,0.03154168007724493,-2.0800504254648633,0.8546720657110635,0.029069871332695247,True,-97.0,6208.0
2023-07-06,101.0,162.0,178.0,6239,205.0,2023,7,3,1.0987654320987654,0.03285782978041353,0.4023173479240416,0.9024352593075905,0.03031735382243552,False,-104.0,6196.0
2023-07-05,107.0,215.0,230.0,6193,167.0,2023,7,2,1.069767441860465,0.02696592927498789,-0.7372976438531853,0.9484501008016757,0.02935471645496979,False,-60.0,6241.0
2023-07-04,184.0,314.0,217.0,6127,124.0,2023,7,1,0.6910828025477707,0.020238289538110004,-1.0657193605683846,0.926345504312276,0.02735708869927364,False,60.0,6317.0
2023-07-02,209.0,285.0,184.0,5903,309.0,2023,7,6,0.6456140350877193,0.05234626461121464,-3.6559490778521275,0.8440733682759828,0.030234605108451256,True,-100.0,5879.0
2023-06-29,81.0,213.0,153.0,6058,213.0,2023,6,3,0.7183098591549296,0.035160118851105975,2.6257834999152907,0.834916575668486,0.03211365475657347,False,-132.0,6058.0
2023-06-28,91.0,199.0,172.0,5999,174.0,2023,6,2,0.864321608040201,0.02900483413902317,-0.9739187850775877,0.8591681383233621,0.03258784946744288,False,-83.0,6024.0
2023-06-27,154.0,225.0,220.0,5917,155.0,2023,6,1,0.9777777777777777,0.026195707284096672,-1.3668944824137386,0.8665198509382328,0.0318241390684217,False,-1.0,5987.0
2023-06-26,186.0,259.0,172.0,5819,174.0,2023,6,0,0.6640926640926641,0.02990204502491837,-1.6562447186074025,0.8044237412230754,0.031401884103350965,False,12.0,5904.0
2023-06-25,92.0,203.0,173.0,5766,263.0,2023,6,6,0.8522167487684729,0.0456122095039889,-0.9108094174256731,0.7733450707813622,0.034065638421779676,True,-171.0,5706.0
2023-06-22,124.0,234.0,161.0,5956,207.0,2023,6,3,0.688034188034188,0.03475486903962391,3.295178633368012,0.772909554422279,0.03613943549342452,False,-83.0,5983.0
2023-06-21,93.0,196.0,169.0,5922,149.0,2023,6,2,0.8622448979591837,0.025160418777440054,-0.5708529214237701,0.8038568205467739,0.032255743231456725,False,-56.0,5969.0
2023-06-20,33.0,53.0,34.0,5904,134.0,2023,6,1,0.6415094339622641,0.022696476964769646,-0.3039513677811523,0.7928853312335359,0.030475222961980103,False,-101.0,5823.0
2023-06-19,29.0,51.0,11.0,5679,142.0,2023,6,0,0.21568627450980393,0.02500440218348301,-3.8109756097560954,0.7002231407291936,0.029903732682617225,False,-113.0,5588.0
2023-06-15,91.0,75.0,97.0,6038,272.0,2023,6,3,1.2933333333333332,0.045048029148724744,6.321535481598883,0.7453025058085585,0.032596921520421235,False,-181.0,5841.0
2023-06-14,62.0,97.0,52.0,6065,167.0,2023,6,2,0.5360824742268041,0.027535037098103874,0.4471679364027814,0.7270153358277215,0.032258777530876304,False,-105.0,5995.0
2023-06-13,59.0,64.0,117.0,6061,146.0,2023,6,1,1.828125,0.024088434251773636,-0.06595218466611819,0.8664308002893681,0.029183952494845556,False,-87.0,5979.0
2023-06-12,84.0,118.0,136.0,6021,177.0,2023,6,0,1.152542372881356,0.029397110114598904,-0.6599571027883222,0.9327891124103923,0.028418558362699124,False,-93.0,5962.0
2023-06-11,86.0,152.0,168.0,6007,238.0,2023,6,6,1.105263157894737,0.039620442816713834,-0.23251951503072688,0.9675060066868998,0.03048427608259538,True,-152.0,5921.0
2023-06-08,106.0,196.0,131.0,6446,255.0,2023,6,3,0.6683673469387755,0.0395594166925225,7.308140502746796,0.9713428513978298,0.032893267472274355,False,-149.0,6387.0
2023-06-07,113.0,162.0,107.0,6483,208.0,2023,6,2,0.6604938271604939,0.032083911769242635,0.5739993794601217,1.0348867874907857,0.03390462598452573,False,-95.0,6437.0
2023-06-06,92.0,124.0,93.0,6508,187.0,2023,6,1,0.75,0.028733866011063307,0.3856239395341632,0.9572677398717381,0.0315740312505741,False,-95.0,6445.0
2023-06-05,68.0,107.0,102.0,6523,189.0,2023,6,0,0.9532710280373832,0.02897439828299862,0.23048555623848,1.0168661047018208,0.03177965427698763,False,-121.0,6441.0
2023-06-04,74.0,103.0,80.0,6555,292.0,2023,6,6,0.7766990291262136,0.04454614797864226,0.4905718227809386,0.8666623945769941,0.034702184809397435,True,-218.0,6366.0
2023-06-01,56.0,82.0,68.0,7002,287.0,2023,6,3,0.8292682926829268,0.040988289060268496,6.819221967963385,0.8204803831200757,0.03635806751592167,False,-231.0,6797.0
2023-05-31,38.0,80.0,82.0,7053,210.0,2023,5,2,1.025,0.029774564015312633,0.7283633247643584,0.8090142177065419,0.03495151340143578,False,-172.0,6923.0
2023-05-30,65.0,83.0,65.0,7046,168.0,2023,5,1,0.7831325301204819,0.023843315356230486,-0.09924854671771177,0.8254092438753571,0.03270635606767978,False,-103.0,6961.0
2023-05-29,41.0,60.0,71.0,6996,207.0,2023,5,0,1.1833333333333333,0.029588336192109776,-0.7096224808401885,0.9001006019000484,0.03234984527094651,False,-166.0,6849.0
2023-05-25,43.0,73.0,64.0,7546,408.0,2023,5,3,0.8767123287671232,0.05406838059899284,7.8616352201257955,0.9182023631524946,0.03596906164065073,False,-365.0,7211.0
2023-05-24,35.0,70.0,53.0,7709,276.0,2023,5,2,0.7571428571428571,0.0358023089894928,2.160084813146046,0.890184053024705,0.03694447745586419,False,-241.0,7503.0
2023-05-23,25.0,66.0,94.0,7788,246.0,2023,5,1,1.4242424242424243,0.031587057010785825,1.024776235568825,0.982690252327021,0.035093178746170406,False,-221.0,7608.0
2023-05-22,99.0,156.0,139.0,7848,240.0,2023,5,0,0.8910256410256411,0.03058103975535168,0.7704160246533087,0.9915127306616945,0.03360642884546801,False,-141.0,7764.0
2023-05-21,107.0,170.0,133.0,7826,343.0,2023,5,6,0.7823529411764706,0.04382826475849732,-0.28032619775738565,0.956848865115476,0.03561410038020867,True,-236.0,7653.0
2023-05-18,80.0,122.0,152.0,8474,351.0,2023,5,3,1.2459016393442623,0.041420816615529855,8.280092001022243,1.0229587378617302,0.03812517198868002,False,-271.0,8245.0
2023-05-17,57.0,162.0,193.0,8569,307.0,2023,5,2,1.191358024691358,0.03582681759831952,1.1210762331838486,1.0241051223414481,0.03901638361813854,False,-250.0,8424.0
2023-05-16,161.0,304.0,211.0,8572,272.0,2023,5,1,0.694078947368421,0.03173121791880541,0.03500991947718024,0.9980146392844907,0.03582536037811178,False,-111.0,8604.0
2023-05-15,205.0,294.0,177.0,8571,277.0,2023,5,0,0.6020408163265306,0.03231828258079571,-0.011665888940737279,0.9758572048821582,0.035327642319726474,False,-72.0,8588.0
2023-05-14,100.0,255.0,236.0,8445,288.0,2023,5,6,0.9254901960784314,0.03410301953818828,-1.4700735036751844,0.9046068865730164,0.035687065537926825,True,-188.0,8412.0
2023-05-11,269.0,412.0,204.0,8672,392.0,2023,5,3,0.49514563106796117,0.045202952029520294,2.6879810538780413,0.8480525994362049,0.037775910148522336,False,-123.0,8692.0
2023-05-10,168.0,285.0,210.0,8681,304.0,2023,5,2,0.7368421052631579,0.03501900702684022,0.10378228782288446,0.841551051448589,0.03651744475828561,False,-136.0,8662.0
2023-05-09,187.0,310.0,247.0,8606,250.0,2023,5,1,0.7967741935483871,0.029049500348594003,-0.8639557654648078,0.7773899877634639,0.03475011386300906,False,-63.0,8666.0
2023-05-08,133.0,287.0,189.0,8590,261.0,2023,5,0,0.6585365853658537,0.03038416763678696,-0.18591680223100093,0.7012726392883918,0.03397259243993298,False,-128.0,8616.0
2023-05-07,180.0,337.0,219.0,8485,375.0,2023,5,6,0.6498516320474778,0.04419563936358279,-1.2223515715948818,0.6949544513853999,0.035753224074901176,True,-195.0,8447.0
2023-05-04,153.0,253.0,286.0,8790,332.0,2023,5,3,1.1304347826086956,0.03777019340159272,3.5945786682380687,0.7704393037114234,0.03653206847787218,False,-179.0,8711.0
2023-05-03,209.0,353.0,232.0,8704,267.0,2023,5,2,0.6572237960339944,0.030675551470588234,-0.9783845278725778,0.732115532276504,0.036042430182500744,False,-58.0,8790.0
2023-05-02,167.0,326.0,213.0,8654,245.0,2023,5,1,0.6533742331288344,0.028310607811416685,-0.574448529411764,0.7547196182852002,0.03362923815134309,False,-78.0,8735.0
2023-05-01,224.0,315.0,152.0,8492,237.0,2023,5,0,0.48253968253968255,0.027908619877531796,-1.8719667205916335,0.718390700753275,0.03261346855858474,False,-13.0,8570.0
2023-04-30,132.0,243.0,183.0,8352,293.0,2023,4,6,0.7530864197530864,0.03508141762452107,-1.6486104569006121,0.7121495902110893,0.033475171026574324,True,-161.0,8302.0
2023-04-27,218.0,283.0,208.0,8159,310.0,2023,4,3,0.734982332155477,0.03799485231033215,-2.3108237547892707,0.7230704111810354,0.03456241169422363,False,-92.0,8132.0
2023-04-26,118.0,245.0,160.0,8117,256.0,2023,4,2,0.6530612244897959,0.03153874584205987,-0.5147689667851507,0.7235289243870808,0.03275428404829179,False,-138.0,8106.0
2023-04-25,81.0,230.0,242.0,8017,202.0,2023,4,1,1.0521739130434782,0.025196457527753523,-1.2319822594554664,0.7123488001634783,0.03095803606631476,False,-121.0,8045.0
2023-04-24,236.0,330.0,222.0,7796,213.0,2023,4,0,0.6727272727272727,0.027321703437660338,-2.7566421354621395,0.7145635825482325,0.030478914918753635,False,23.0,7913.0
2023-04-23,196.0,306.0,187.0,7534,266.0,2023,4,6,0.6111111111111112,0.03530661003451022,-3.360697793740375,0.7085259936885577,0.031478343807767,True,-70.0,7574.0
2023-04-20,113.0,280.0,237.0,7490,320.0,2023,4,3,0.8464285714285714,0.042723631508678236,-0.5840191133527961,0.7605101206726849,0.033594774040787916,False,-207.0,7450.0
2023-04-19,239.0,367.0,224.0,7356,229.0,2023,4,2,0.6103542234332425,0.0311310494834149,-1.7890520694259004,0.740119806912707,0.033030435734915604,False,10.0,7494.0
2023-04-18,152.0,272.0,214.0,7376,234.0,2023,4,1,0.7867647058823529,0.03172451193058568,0.2718868950516651,0.7475172888736893,0.03213467282352325,False,-82.0,7414.0
2023-04-17,170.0,297.0,196.0,7344,248.0,2023,4,0,0.6599326599326599,0.03376906318082789,-0.4338394793926281,0.7484989225083841,0.0324532895862044,False,-78.0,7393.0
2023-04-16,191.0,283.0,192.0,7380,272.0,2023,4,6,0.6784452296819788,0.03685636856368564,0.4901960784313708,0.6951091105995985,0.03411899116276613,True,-81.0,7391.0
2023-04-13,109.0,214.0,173.0,7795,370.0,2023,4,3,0.8084112149532711,0.04746632456703015,5.623306233062331,0.7144925309175983,0.03699679418124753,False,-261.0,7639.0
2023-04-12,155.0,212.0,181.0,7876,283.0,2023,4,2,0.8537735849056604,0.035931945149822245,1.039127645926885,0.7491585986025339,0.03708612776914925,False,-128.0,7805.0
2023-04-11,119.0,209.0,152.0,7922,187.0,2023,4,1,0.7272727272727273,0.023605150214592276,0.5840528186896954,0.7321363351516991,0.0343549161557084,False,-68.0,7944.0
2023-04-10,143.0,203.0,163.0,7826,265.0,2023,4,0,0.8029556650246306,0.03386148734985944,-1.2118151981822756,0.7596508268076116,0.034744978708057615,False,-122.0,7764.0
2023-04-09,105.0,210.0,149.0,7900,329.0,2023,4,6,0.7095238095238096,0.04164556962025316,0.9455660618451267,0.7486164130421054,0.036162272663724404,True,-224.0,7781.0
2023-04-06,119.0,219.0,210.0,8178,284.0,2023,4,3,0.958904109589041,0.0347273171924676,3.5189873417721618,0.7913266201358741,0.03629916609395865,False,-165.0,8113.0
2023-04-05,148.0,245.0,175.0,8175,260.0,2023,4,2,0.7142857142857143,0.031804281345565746,-0.03668378576668907,0.7964466893649792,0.03557743934851295,False,-112.0,8160.0
2023-04-04,142.0,235.0,139.0,8068,259.0,2023,4,1,0.5914893617021276,0.03210213187902826,-1.308868501529048,0.7654578531862443,0.03338255467879839,False,-117.0,8044.0
2023-04-03,118.0,139.0,168.0,8054,284.0,2023,4,0,1.20863309352518,0.03526198162403774,-0.1735250371839414,0.8161520687033186,0.03328684560368632,False,-166.0,7909.0
2023-04-02,125.0,232.0,192.0,7981,304.0,2023,4,6,0.8275862068965517,0.03809046485402832,-0.9063819220263225,0.8304825657924363,0.035356176266462896,True,-179.0,7909.0
2023-03-30,156.0,256.0,176.0,8158,359.0,2023,3,3,0.6875,0.04400588379504781,2.217767197093101,0.8139888993603464,0.036805375758632665,False,-203.0,8055.0
2023-03-29,109.0,245.0,159.0,8208,267.0,2023,3,2,0.6489795918367347,0.03252923976608187,0.6128953174797669,0.8053397254050499,0.035503042922322474,False,-158.0,8186.0
2023-03-28,167.0,209.0,157.0,8079,223.0,2023,3,1,0.7511961722488039,0.02760242604282708,-1.571637426900585,0.7756671629278732,0.03448520132951669,False,-56.0,8065.0
2023-03-27,84.0,171.0,157.0,7994,235.0,2023,3,0,0.9181286549707602,0.02939704778583938,-1.0521104097041767,0.8047875830257369,0.03414131082098435,False,-151.0,7930.0
2023-03-26,87.0,246.0,173.0,7847,352.0,2023,3,6,0.7032520325203252,0.04485790748056582,-1.838879159369522,0.8207536788569081,0.03596356447834686,True,-265.0,7741.0
2023-03-23,136.0,276.0,178.0,8102,331.0,2023,3,3,0.644927536231884,0.040854110096272524,3.2496495475978104,0.7402243135292943,0.0367624399743804,False,-195.0,8047.0
2023-03-22,166.0,277.0,229.0,8097,246.0,2023,3,2,0.8267148014440433,0.030381622823267878,-0.061713157245124606,0.7400998270360788,0.03566117682712891,False,-80.0,8128.0
2023-03-21,110.0,272.0,193.0,8050,221.0,2023,3,1,0.7095588235294118,0.02745341614906832,-0.5804618994689426,0.7432510875402805,0.033296538591988986,False,-111.0,8101.0
2023-03-20,202.0,313.0,158.0,7931,279.0,2023,3,0,0.5047923322683706,0.03517841381919052,-1.4782608695652177,0.7226529076019428,0.03367499202814736,False,-77.0,7965.0
2023-03-19,134.0,294.0,186.0,7885,306.0,2023,3,6,0.6326530612244898,0.03880786303107166,-0.5800025217500893,0.7057181774556122,0.03527576874075373,True,-172.0,7873.0
2023-03-16,180.0,280.0,146.0,7989,308.0,2023,3,3,0.5214285714285715,0.03855301038928527,1.3189600507292232,0.6490467369495851,0.036583763398388855,False,-128.0,7961.0
2023-03-15,108.0,220.0,213.0,7915,286.0,2023,3,2,0.9681818181818181,0.0361339229311434,-0.9262736262360738,0.6868938491869414,0.03533747989132851,False,-178.0,7849.0
2023-03-14,147.0,276.0,214.0,7810,181.0,2023,3,1,0.7753623188405797,0.023175416133162614,-1.3265950726468745,0.7055273895596121,0.03281195218231281,False,-34.0,7905.0
2023-03-13,104.0,230.0,206.0,7567,249.0,2023,3,0,0.8956521739130435,0.032906039381525046,-3.111395646606918,0.7153755856266122,0.033172583119206685,False,-145.0,7548.0
2023-03-09,174.0,285.0,150.0,7786,340.0,2023,3,3,0.5263157894736842,0.043668122270742356,2.8941456323509973,0.6891980093329367,0.035488969708017265,False,-166.0,7731.0
2023-03-08,113.0,208.0,159.0,7885,291.0,2023,3,2,0.7644230769230769,0.03690551680405834,1.271512972001032,0.7262881157121805,0.03573569870585552,False,-178.0,7802.0
2023-03-07,88.0,214.0,160.0,7859,259.0,2023,3,1,0.7476635514018691,0.03295584679984731,-0.32974001268231135,0.7427181857375205,0.03489969638710919,False,-171.0,7814.0
2023-03-02,130.0,227.0,192.0,7870,335.0,2023,3,3,0.8458149779735683,0.042566709021601014,0.13996691691053886,0.7890591009582343,0.03547308190601144,False,-205.0,7762.0
2023-03-01,84.0,158.0,193.0,7930,307.0,2023,3,2,1.2215189873417722,0.03871374527112232,0.7623888182973326,0.8252501251239419,0.035841627954579854,False,-223.0,7781.0
2023-02-28,115.0,216.0,169.0,7896,200.0,2023,2,1,0.7824074074074074,0.025329280648429583,-0.4287515762925631,0.8262565663477746,0.036149322885332284,False,-85.0,7912.0
2023-02-27,167.0,239.0,166.0,7800,248.0,2023,2,0,0.694560669456067,0.031794871794871796,-1.2158054711246202,0.7975292085682064,0.035990584658667536,False,-81.0,7791.0
2023-02-26,99.0,190.0,176.0,7609,323.0,2023,2,6,0.9263157894736842,0.04244973058220528,-2.448717948717949,0.8546720657110635,0.03581652870316223,True,-224.0,7476.0
2023-02-23,101.0,162.0,178.0,7914,386.0,2023,2,3,1.0987654320987654,0.04877432398281526,4.0084110921277505,0.9024352593075905,0.03751207258584179,False,-285.0,7690.0
2023-02-22,107.0,215.0,230.0,7978,232.0,2023,2,2,1.069767441860465,0.029079969917272498,0.8086934546373437,0.9484501008016757,0.036958375888331105,False,-125.0,7961.0
2023-02-21,184.0,314.0,217.0,7967,213.0,2023,2,1,0.6910828025477707,0.02673528304255052,-0.1378791677112079,0.926345504312276,0.034696743605609606,False,-29.0,8068.0
2023-02-20,209.0,285.0,184.0,7817,209.0,2023,2,0,0.6456140350877193,0.02673659971856211,-1.8827664114472231,0.8440733682759828,0.03298572281238672,False,0.0,7893.0
2023-02-16,81.0,213.0,153.0,7793,361.0,2023,2,3,0.7183098591549296,0.046323623764917235,-0.30702315466291097,0.834916575668486,0.03598491468617067,False,-280.0,7645.0
2023-02-15,91.0,199.0,172.0,7869,290.0,2023,2,2,0.864321608040201,0.036853475663997964,0.9752341845245649,0.8591681383233621,0.036707572381760124,False,-199.0,7778.0
2023-02-14,154.0,225.0,220.0,7794,223.0,2023,2,1,0.9777777777777777,0.02861175263022838,-0.9531071292413262,0.8665198509382328,0.03473071838862057,False,-69.0,7796.0
2023-02-13,186.0,259.0,172.0,7483,244.0,2023,2,0,0.6640926640926641,0.03260724308432447,-3.990248909417504,0.8044237412230754,0.03242113540312188,False,-58.0,7498.0
2023-02-12,92.0,203.0,173.0,7434,317.0,2023,2,6,0.8522167487684729,0.042641915523271456,-0.6548175865294659,0.7733450707813622,0.034358556203978874,True,-225.0,7320.0
2023-02-09,124.0,234.0,161.0,7908,353.0,2023,2,3,0.688034188034188,0.044638340920586744,6.376109765940274,0.772909554422279,0.036916135900841196,False,-229.0,7789.0
2023-02-08,93.0,196.0,169.0,7915,317.0,2023,2,2,0.8622448979591837,0.04005053695514845,0.08851795649975625,0.8038568205467739,0.03881812693463925,False,-224.0,7794.0
2023-02-07,16.0,20.0,20.0,7855,200.0,2023,2,1,1.0,0.025461489497135583,-0.758054327226787,0.8440982692389267,0.035837822039241865,False,-184.0,7675.0
2023-02-06,11.0,22.0,12.0,7720,196.0,2023,2,0,0.5454545454545454,0.02538860103626943,-1.7186505410566544,0.7985458317266902,0.03419998280670922,False,-185.0,7546.0
2023-02-05,16.0,18.0,15.0,7586,342.0,2023,2,6,0.8333333333333334,0.04508304771948326,-1.7357512953367848,0.7779109110917696,0.036553024962317056,True,-326.0,7262.0
2023-02-02,15.0,13.0,23.0,7879,298.0,2023,2,3,1.7692307692307692,0.03782205863688285,3.86237806485632,0.9357877832543561,0.037297998612682536,False,-283.0,7594.0
2023-02-01,25.0,32.0,27.0,7903,231.0,2023,2,2,0.84375,0.029229406554472984,0.30460718365274975,0.9345782477160027,0.03538192590285418,False,-206.0,7704.0
2023-01-31,26.0,36.0,36.0,7803,158.0,2023,1,1,1.0,0.020248622324746893,-1.2653422750854126,0.9791447922825475,0.03189768038916278,False,-132.0,7681.0
2023-01-30,34.0,54.0,29.0,7743,196.0,2023,1,0,0.5370370370370371,0.025313186103577426,-0.7689350249903915,0.9326865264365265,0.029792344553224066,False,-162.0,7601.0
2023-01-29,23.0,45.0,11.0,7472,303.0,2023,1,6,0.24444444444444444,0.04055139186295503,-3.4999354255456527,0.8247500185000185,0.03194804489119827,True,-280.0,7214.0
2023-01-25,20.0,22.0,41.0,7538,180.0,2023,1,2,1.8636363636363635,0.02387901300079597,0.8832976445396046,1.0130617068117067,0.0317323894575592,False,-160.0,7380.0
2023-01-24,47.0,42.0,47.0,7433,175.0,2023,1,1,1.119047619047619,0.023543656666218216,-1.3929424250464284,1.053878033342319,0.028655333592807055,False,-128.0,7300.0
2023-01-23,32.0,50.0,39.0,7280,181.0,2023,1,0,0.78,0.02486263736263736,-2.0583882685322186,0.9125593520236377,0.026803987696486266,False,-149.0,7149.0
2023-01-22,32.0,49.0,39.0,7122,227.0,2023,1,6,0.7959183673469388,0.031873069362538614,-2.1703296703296737,0.905726261644629,0.027181653811924215,True,-195.0,6944.0
2023-01-12,33.0,53.0,34.0,6566,436.0,2023,1,3,0.6415094339622641,0.06640268047517514,-7.806795843864078,0.8545133236392382,0.03377509069055682,False,-403.0,6183.0
